algorithm,access_pattern,cores,runtime[s]
sequential_two_lattice,collision,1,127.592222
sequential_two_lattice,stream,1,129.906569
sequential_two_lattice,bundle,1,128.667661
sequential_two_step,collision,1,125.552181
sequential_two_step,stream,1,126.538339
sequential_two_step,bundle,1,125.890247
sequential_swap,collision,1,132.376288
sequential_swap,stream,1,128.936194
sequential_swap,bundle,1,131.201784
sequential_shift,collision,1,130.263718
sequential_shift,stream,1,130.244913
sequential_shift,bundle,1,132.356076
sequential_two_lattice,collision,1,128.757195
sequential_two_lattice,stream,1,128.909527
sequential_two_lattice,bundle,1,127.301192
sequential_two_step,collision,1,123.867663
sequential_two_step,stream,1,126.923140
sequential_two_step,bundle,1,124.757500
sequential_swap,collision,1,130.258956
sequential_swap,stream,1,131.327077
sequential_swap,bundle,1,129.397872
sequential_shift,collision,1,130.213189
sequential_shift,stream,1,129.404894
sequential_shift,bundle,1,130.015637
sequential_two_lattice,collision,1,128.663365
sequential_two_lattice,stream,1,129.465212
sequential_two_lattice,bundle,1,130.782112
sequential_two_step,collision,1,126.311954
sequential_two_step,stream,1,125.176793
sequential_two_step,bundle,1,125.550452
sequential_swap,collision,1,128.884562
sequential_swap,stream,1,130.453868
sequential_swap,bundle,1,131.803093
sequential_shift,collision,1,130.025962
sequential_shift,stream,1,130.769019
sequential_shift,bundle,1,129.441181
sequential_two_lattice,collision,1,128.874020
sequential_two_lattice,stream,1,128.905529
sequential_two_lattice,bundle,1,127.221340
sequential_two_step,collision,1,124.400702
sequential_two_step,stream,1,124.454948
sequential_two_step,bundle,1,126.495108
sequential_swap,collision,1,131.622936
sequential_swap,stream,1,129.939970
sequential_swap,bundle,1,130.568590
sequential_shift,collision,1,130.150577
sequential_shift,stream,1,130.512169
sequential_shift,bundle,1,130.156021
sequential_two_lattice,collision,1,128.627511
sequential_two_lattice,stream,1,128.668606
sequential_two_lattice,bundle,1,129.265849
sequential_two_step,collision,1,127.285393
sequential_two_step,stream,1,125.891064
sequential_two_step,bundle,1,124.974051
sequential_swap,collision,1,130.816261
sequential_swap,stream,1,131.115652
sequential_swap,bundle,1,131.091273
sequential_shift,collision,1,129.495255
sequential_shift,stream,1,129.578622
sequential_shift,bundle,1,129.724417
sequential_two_lattice,collision,1,128.381431
sequential_two_lattice,stream,1,129.560034
sequential_two_lattice,bundle,1,129.156836
sequential_two_step,collision,1,126.609701
sequential_two_step,stream,1,125.859304
sequential_two_step,bundle,1,124.482895
sequential_swap,collision,1,131.553445
sequential_swap,stream,1,132.200413
sequential_swap,bundle,1,130.171373
sequential_shift,collision,1,130.359765
sequential_shift,stream,1,129.316963
sequential_shift,bundle,1,127.943059
sequential_two_lattice,collision,1,128.341069
sequential_two_lattice,stream,1,128.156643
sequential_two_lattice,bundle,1,127.144880
sequential_two_step,collision,1,125.987997
sequential_two_step,stream,1,126.859103
sequential_two_step,bundle,1,126.238069
sequential_swap,collision,1,131.920606
sequential_swap,stream,1,130.000415
sequential_swap,bundle,1,130.732091
sequential_shift,collision,1,129.350621
sequential_shift,stream,1,128.902581
sequential_shift,bundle,1,130.691648
sequential_two_lattice,collision,1,129.490590
sequential_two_lattice,stream,1,130.498512
sequential_two_lattice,bundle,1,129.184424
sequential_two_step,collision,1,126.712613
sequential_two_step,stream,1,126.014452
sequential_two_step,bundle,1,126.587586
sequential_swap,collision,1,128.994055
sequential_swap,stream,1,130.518033
sequential_swap,bundle,1,129.345581
sequential_shift,collision,1,128.367944
sequential_shift,stream,1,128.197586
sequential_shift,bundle,1,131.259938
sequential_two_lattice,collision,1,128.492608
sequential_two_lattice,stream,1,129.373505
sequential_two_lattice,bundle,1,129.893905
sequential_two_step,collision,1,124.955166
sequential_two_step,stream,1,128.174246
sequential_two_step,bundle,1,125.602431
sequential_swap,collision,1,131.096268
sequential_swap,stream,1,131.953947
sequential_swap,bundle,1,131.432752
sequential_shift,collision,1,128.309827
sequential_shift,stream,1,131.108765
sequential_shift,bundle,1,128.416481
sequential_two_lattice,collision,1,128.187501
sequential_two_lattice,stream,1,127.645475
sequential_two_lattice,bundle,1,130.080088
sequential_two_step,collision,1,126.371896
sequential_two_step,stream,1,127.426274
sequential_two_step,bundle,1,125.713135
sequential_swap,collision,1,131.259645
sequential_swap,stream,1,131.331926
sequential_swap,bundle,1,131.049404
sequential_shift,collision,1,128.513906
sequential_shift,stream,1,127.742069
sequential_shift,bundle,1,130.089778
sequential_two_lattice,collision,1,126.800328
sequential_two_lattice,stream,1,128.594008
sequential_two_lattice,bundle,1,129.350929
sequential_two_step,collision,1,124.732293
sequential_two_step,stream,1,125.800026
sequential_two_step,bundle,1,125.783481
sequential_swap,collision,1,131.270666
sequential_swap,stream,1,131.216306
sequential_swap,bundle,1,130.799956
sequential_shift,collision,1,129.571402
sequential_shift,stream,1,129.691621
sequential_shift,bundle,1,129.358428
sequential_two_lattice,collision,1,127.945645
sequential_two_lattice,stream,1,128.780199
sequential_two_lattice,bundle,1,129.232126
sequential_two_step,collision,1,126.072945
sequential_two_step,stream,1,124.539031
sequential_two_step,bundle,1,125.574918
sequential_swap,collision,1,131.101746
sequential_swap,stream,1,129.247910
sequential_swap,bundle,1,129.344462
sequential_shift,collision,1,130.696532
sequential_shift,stream,1,128.532351
sequential_shift,bundle,1,128.502050
sequential_two_lattice,collision,1,128.978469
sequential_two_lattice,stream,1,130.991021
sequential_two_lattice,bundle,1,128.897927
sequential_two_step,collision,1,124.217728
sequential_two_step,stream,1,125.867275
sequential_two_step,bundle,1,127.869675
sequential_swap,collision,1,130.769709
sequential_swap,stream,1,132.774415
sequential_swap,bundle,1,130.307790
sequential_shift,collision,1,129.923663
sequential_shift,stream,1,130.192313
sequential_shift,bundle,1,131.475271
sequential_two_lattice,collision,1,127.230237
sequential_two_lattice,stream,1,130.292236
sequential_two_lattice,bundle,1,126.965816
sequential_two_step,collision,1,124.966850
sequential_two_step,stream,1,125.845431
sequential_two_step,bundle,1,126.786345
sequential_swap,collision,1,130.847011
sequential_swap,stream,1,128.854777
sequential_swap,bundle,1,130.039489
sequential_shift,collision,1,127.940909
sequential_shift,stream,1,128.948113
sequential_shift,bundle,1,128.284354
sequential_two_lattice,collision,1,130.373441
sequential_two_lattice,stream,1,128.925471
sequential_two_lattice,bundle,1,127.849467
sequential_two_step,collision,1,125.093762
sequential_two_step,stream,1,127.188145
sequential_two_step,bundle,1,126.073365
sequential_swap,collision,1,128.812439
sequential_swap,stream,1,130.302906
sequential_swap,bundle,1,132.261925
sequential_shift,collision,1,127.438177
sequential_shift,stream,1,129.135004
sequential_shift,bundle,1,130.692597
sequential_two_lattice,collision,1,128.542670
sequential_two_lattice,stream,1,130.106933
sequential_two_lattice,bundle,1,128.325066
sequential_two_step,collision,1,126.252389
sequential_two_step,stream,1,126.132093
sequential_two_step,bundle,1,126.772380
sequential_swap,collision,1,130.708999
sequential_swap,stream,1,128.924845
sequential_swap,bundle,1,130.411671
sequential_shift,collision,1,129.253594
sequential_shift,stream,1,128.085779
sequential_shift,bundle,1,130.501087
sequential_two_lattice,collision,1,127.511882
sequential_two_lattice,stream,1,129.532098
sequential_two_lattice,bundle,1,129.260700
sequential_two_step,collision,1,126.546060
sequential_two_step,stream,1,126.249134
sequential_two_step,bundle,1,126.084127
sequential_swap,collision,1,129.960094
sequential_swap,stream,1,131.420314
sequential_swap,bundle,1,130.818815
sequential_shift,collision,1,129.506584
sequential_shift,stream,1,128.074473
sequential_shift,bundle,1,129.629653
sequential_two_lattice,collision,1,128.600967
sequential_two_lattice,stream,1,130.138094
sequential_two_lattice,bundle,1,129.882956
sequential_two_step,collision,1,126.483280
sequential_two_step,stream,1,124.311112
sequential_two_step,bundle,1,125.731485
sequential_swap,collision,1,130.034578
sequential_swap,stream,1,130.847270
sequential_swap,bundle,1,130.335261
sequential_shift,collision,1,130.982266
sequential_shift,stream,1,129.777573
sequential_shift,bundle,1,131.673503
sequential_two_lattice,collision,1,127.160499
sequential_two_lattice,stream,1,129.286964
sequential_two_lattice,bundle,1,130.924627
sequential_two_step,collision,1,126.043152
sequential_two_step,stream,1,126.364900
sequential_two_step,bundle,1,127.230636
sequential_swap,collision,1,131.527849
sequential_swap,stream,1,131.673597
sequential_swap,bundle,1,131.186006
sequential_shift,collision,1,127.441824
sequential_shift,stream,1,129.641734
sequential_shift,bundle,1,129.981961
sequential_two_lattice,collision,1,127.502987
sequential_two_lattice,stream,1,127.509855
sequential_two_lattice,bundle,1,128.627271
sequential_two_step,collision,1,125.748576
sequential_two_step,stream,1,127.004781
sequential_two_step,bundle,1,127.280892
sequential_swap,collision,1,130.268609
sequential_swap,stream,1,129.931278
sequential_swap,bundle,1,131.053875
sequential_shift,collision,1,128.777483
sequential_shift,stream,1,130.045783
sequential_shift,bundle,1,129.894857
parallel_two_lattice,collision,2,64.473809
parallel_two_lattice,collision,4,33.382640
parallel_two_lattice,collision,8,17.725845
parallel_two_lattice,collision,16,10.030468
parallel_two_lattice,collision,32,6.084383
parallel_two_lattice,collision,64,4.796165
parallel_two_lattice,collision,128,3.616301
parallel_two_lattice,stream,2,64.430506
parallel_two_lattice,stream,4,32.782399
parallel_two_lattice,stream,8,17.690875
parallel_two_lattice,stream,16,9.688100
parallel_two_lattice,stream,32,6.184586
parallel_two_lattice,stream,64,4.801566
parallel_two_lattice,stream,128,3.656945
parallel_two_lattice,bundle,2,64.315051
parallel_two_lattice,bundle,4,33.503023
parallel_two_lattice,bundle,8,17.462166
parallel_two_lattice,bundle,16,9.677749
parallel_two_lattice,bundle,32,6.386110
parallel_two_lattice,bundle,64,4.802676
parallel_two_lattice,bundle,128,3.599668
parallel_two_lattice_framework,collision,2,65.275268
parallel_two_lattice_framework,collision,4,33.082221
parallel_two_lattice_framework,collision,8,18.058779
parallel_two_lattice_framework,collision,16,9.844500
parallel_two_lattice_framework,collision,32,6.171409
parallel_two_lattice_framework,collision,64,5.227165
parallel_two_lattice_framework,collision,128,4.342480
parallel_two_lattice_framework,stream,2,65.126295
parallel_two_lattice_framework,stream,4,33.526426
parallel_two_lattice_framework,stream,8,17.866430
parallel_two_lattice_framework,stream,16,9.900723
parallel_two_lattice_framework,stream,32,6.221528
parallel_two_lattice_framework,stream,64,5.184124
parallel_two_lattice_framework,stream,128,4.435159
parallel_two_lattice_framework,bundle,2,64.790117
parallel_two_lattice_framework,bundle,4,32.990500
parallel_two_lattice_framework,bundle,8,18.039855
parallel_two_lattice_framework,bundle,16,10.108176
parallel_two_lattice_framework,bundle,32,7.398243
parallel_two_lattice_framework,bundle,64,5.148293
parallel_two_lattice_framework,bundle,128,4.466070
parallel_two_step,collision,2,62.286923
parallel_two_step,collision,4,32.224611
parallel_two_step,collision,8,18.322220
parallel_two_step,collision,16,9.640607
parallel_two_step,collision,32,6.135436
parallel_two_step,collision,64,5.247295
parallel_two_step,collision,128,4.537316
parallel_two_step,stream,2,62.416258
parallel_two_step,stream,4,32.065732
parallel_two_step,stream,8,17.432694
parallel_two_step,stream,16,9.856011
parallel_two_step,stream,32,6.201530
parallel_two_step,stream,64,5.282939
parallel_two_step,stream,128,4.581731
parallel_two_step,bundle,2,63.151755
parallel_two_step,bundle,4,32.753768
parallel_two_step,bundle,8,18.533576
parallel_two_step,bundle,16,9.614766
parallel_two_step,bundle,32,6.208779
parallel_two_step,bundle,64,5.226864
parallel_two_step,bundle,128,4.547904
parallel_swap,collision,2,65.261758
parallel_swap,collision,4,33.458747
parallel_swap,collision,8,18.198513
parallel_swap,collision,16,10.594951
parallel_swap,collision,32,6.593697
parallel_swap,collision,64,5.515398
parallel_swap,collision,128,4.847186
parallel_swap,stream,2,65.585155
parallel_swap,stream,4,34.233722
parallel_swap,stream,8,19.955124
parallel_swap,stream,16,10.865006
parallel_swap,stream,32,6.620090
parallel_swap,stream,64,5.509046
parallel_swap,stream,128,4.895996
parallel_swap,bundle,2,66.410706
parallel_swap,bundle,4,34.334364
parallel_swap,bundle,8,18.452774
parallel_swap,bundle,16,10.439391
parallel_swap,bundle,32,6.605717
parallel_swap,bundle,64,5.548897
parallel_swap,bundle,128,4.843087
parallel_shift,collision,2,63.655812
parallel_shift,collision,4,31.575438
parallel_shift,collision,8,16.986591
parallel_shift,collision,16,9.918342
parallel_shift,collision,32,5.803582
parallel_shift,collision,64,4.865140
parallel_shift,collision,128,4.049728
parallel_shift,stream,2,62.791058
parallel_shift,stream,4,32.989362
parallel_shift,stream,8,17.379910
parallel_shift,stream,16,9.952947
parallel_shift,stream,32,5.790230
parallel_shift,stream,64,5.272282
parallel_shift,stream,128,4.003655
parallel_shift,bundle,2,63.467718
parallel_shift,bundle,4,32.542847
parallel_shift,bundle,8,17.264285
parallel_shift,bundle,16,9.824988
parallel_shift,bundle,32,5.926507
parallel_shift,bundle,64,5.316359
parallel_shift,bundle,128,3.983674
parallel_two_lattice,collision,2,65.230434
parallel_two_lattice,collision,4,33.417512
parallel_two_lattice,collision,8,17.641606
parallel_two_lattice,collision,16,10.033483
parallel_two_lattice,collision,32,6.033460
parallel_two_lattice,collision,64,4.779952
parallel_two_lattice,collision,128,3.625273
parallel_two_lattice,stream,2,64.777281
parallel_two_lattice,stream,4,33.437668
parallel_two_lattice,stream,8,18.473378
parallel_two_lattice,stream,16,9.783862
parallel_two_lattice,stream,32,6.036746
parallel_two_lattice,stream,64,4.742848
parallel_two_lattice,stream,128,3.678536
parallel_two_lattice,bundle,2,64.998214
parallel_two_lattice,bundle,4,33.106302
parallel_two_lattice,bundle,8,17.876118
parallel_two_lattice,bundle,16,10.138464
parallel_two_lattice,bundle,32,6.040190
parallel_two_lattice,bundle,64,4.782755
parallel_two_lattice,bundle,128,3.628716
parallel_two_lattice_framework,collision,2,64.664963
parallel_two_lattice_framework,collision,4,32.978326
parallel_two_lattice_framework,collision,8,17.722680
parallel_two_lattice_framework,collision,16,10.306654
parallel_two_lattice_framework,collision,32,6.202117
parallel_two_lattice_framework,collision,64,5.228538
parallel_two_lattice_framework,collision,128,4.485674
parallel_two_lattice_framework,stream,2,65.726695
parallel_two_lattice_framework,stream,4,32.896473
parallel_two_lattice_framework,stream,8,17.815641
parallel_two_lattice_framework,stream,16,9.810615
parallel_two_lattice_framework,stream,32,6.241241
parallel_two_lattice_framework,stream,64,5.209626
parallel_two_lattice_framework,stream,128,4.427724
parallel_two_lattice_framework,bundle,2,63.818603
parallel_two_lattice_framework,bundle,4,33.409555
parallel_two_lattice_framework,bundle,8,17.708155
parallel_two_lattice_framework,bundle,16,9.896476
parallel_two_lattice_framework,bundle,32,6.244176
parallel_two_lattice_framework,bundle,64,5.173229
parallel_two_lattice_framework,bundle,128,4.499299
parallel_two_step,collision,2,63.479597
parallel_two_step,collision,4,32.089538
parallel_two_step,collision,8,18.562177
parallel_two_step,collision,16,9.703632
parallel_two_step,collision,32,6.109037
parallel_two_step,collision,64,5.213253
parallel_two_step,collision,128,4.489399
parallel_two_step,stream,2,63.257935
parallel_two_step,stream,4,32.152048
parallel_two_step,stream,8,17.497219
parallel_two_step,stream,16,10.964623
parallel_two_step,stream,32,6.188970
parallel_two_step,stream,64,5.241011
parallel_two_step,stream,128,4.588200
parallel_two_step,bundle,2,63.499352
parallel_two_step,bundle,4,32.456159
parallel_two_step,bundle,8,18.482377
parallel_two_step,bundle,16,10.118510
parallel_two_step,bundle,32,6.163391
parallel_two_step,bundle,64,5.274543
parallel_two_step,bundle,128,4.536923
parallel_swap,collision,2,66.251562
parallel_swap,collision,4,34.162416
parallel_swap,collision,8,18.238598
parallel_swap,collision,16,10.411694
parallel_swap,collision,32,6.585660
parallel_swap,collision,64,5.509571
parallel_swap,collision,128,4.828354
parallel_swap,stream,2,66.158071
parallel_swap,stream,4,34.172593
parallel_swap,stream,8,18.257689
parallel_swap,stream,16,11.303895
parallel_swap,stream,32,6.665035
parallel_swap,stream,64,5.559759
parallel_swap,stream,128,4.854896
parallel_swap,bundle,2,64.937734
parallel_swap,bundle,4,33.601119
parallel_swap,bundle,8,18.061012
parallel_swap,bundle,16,11.204541
parallel_swap,bundle,32,6.634657
parallel_swap,bundle,64,5.539808
parallel_swap,bundle,128,4.985691
parallel_shift,collision,2,62.227631
parallel_shift,collision,4,32.010716
parallel_shift,collision,8,17.263995
parallel_shift,collision,16,9.392679
parallel_shift,collision,32,5.798711
parallel_shift,collision,64,4.781587
parallel_shift,collision,128,3.989617
parallel_shift,stream,2,63.744545
parallel_shift,stream,4,32.579852
parallel_shift,stream,8,17.328526
parallel_shift,stream,16,9.620915
parallel_shift,stream,32,5.742118
parallel_shift,stream,64,5.309921
parallel_shift,stream,128,4.116784
parallel_shift,bundle,2,62.816594
parallel_shift,bundle,4,32.490045
parallel_shift,bundle,8,18.653171
parallel_shift,bundle,16,9.813571
parallel_shift,bundle,32,5.957113
parallel_shift,bundle,64,4.769385
parallel_shift,bundle,128,4.069143
parallel_two_lattice,collision,2,64.683836
parallel_two_lattice,collision,4,32.613042
parallel_two_lattice,collision,8,17.686187
parallel_two_lattice,collision,16,9.743354
parallel_two_lattice,collision,32,6.065685
parallel_two_lattice,collision,64,4.739971
parallel_two_lattice,collision,128,3.628003
parallel_two_lattice,stream,2,65.570422
parallel_two_lattice,stream,4,33.512875
parallel_two_lattice,stream,8,17.759982
parallel_two_lattice,stream,16,10.085336
parallel_two_lattice,stream,32,6.041297
parallel_two_lattice,stream,64,4.834650
parallel_two_lattice,stream,128,3.614387
parallel_two_lattice,bundle,2,64.849583
parallel_two_lattice,bundle,4,32.869856
parallel_two_lattice,bundle,8,17.667386
parallel_two_lattice,bundle,16,10.208135
parallel_two_lattice,bundle,32,6.129484
parallel_two_lattice,bundle,64,4.798594
parallel_two_lattice,bundle,128,3.601200
parallel_two_lattice_framework,collision,2,64.088868
parallel_two_lattice_framework,collision,4,32.699063
parallel_two_lattice_framework,collision,8,17.958451
parallel_two_lattice_framework,collision,16,9.854565
parallel_two_lattice_framework,collision,32,6.313579
parallel_two_lattice_framework,collision,64,5.224240
parallel_two_lattice_framework,collision,128,4.370868
parallel_two_lattice_framework,stream,2,64.149935
parallel_two_lattice_framework,stream,4,33.141392
parallel_two_lattice_framework,stream,8,17.687882
parallel_two_lattice_framework,stream,16,10.718695
parallel_two_lattice_framework,stream,32,7.259608
parallel_two_lattice_framework,stream,64,5.140925
parallel_two_lattice_framework,stream,128,4.489710
parallel_two_lattice_framework,bundle,2,64.864861
parallel_two_lattice_framework,bundle,4,32.792908
parallel_two_lattice_framework,bundle,8,18.661814
parallel_two_lattice_framework,bundle,16,10.767114
parallel_two_lattice_framework,bundle,32,6.242574
parallel_two_lattice_framework,bundle,64,5.148163
parallel_two_lattice_framework,bundle,128,4.472613
parallel_two_step,collision,2,62.156740
parallel_two_step,collision,4,32.761928
parallel_two_step,collision,8,17.216188
parallel_two_step,collision,16,9.749761
parallel_two_step,collision,32,6.233099
parallel_two_step,collision,64,5.261276
parallel_two_step,collision,128,4.563435
parallel_two_step,stream,2,63.321077
parallel_two_step,stream,4,32.585786
parallel_two_step,stream,8,17.557491
parallel_two_step,stream,16,9.696307
parallel_two_step,stream,32,6.051519
parallel_two_step,stream,64,5.337113
parallel_two_step,stream,128,4.639065
parallel_two_step,bundle,2,62.523499
parallel_two_step,bundle,4,32.972295
parallel_two_step,bundle,8,18.836002
parallel_two_step,bundle,16,9.613068
parallel_two_step,bundle,32,6.247301
parallel_two_step,bundle,64,5.214756
parallel_two_step,bundle,128,4.549110
parallel_swap,collision,2,66.447332
parallel_swap,collision,4,34.083662
parallel_swap,collision,8,19.405584
parallel_swap,collision,16,11.314918
parallel_swap,collision,32,6.717630
parallel_swap,collision,64,5.542054
parallel_swap,collision,128,4.893763
parallel_swap,stream,2,66.141654
parallel_swap,stream,4,33.466348
parallel_swap,stream,8,18.389604
parallel_swap,stream,16,10.964284
parallel_swap,stream,32,6.624403
parallel_swap,stream,64,5.593216
parallel_swap,stream,128,4.860344
parallel_swap,bundle,2,64.847698
parallel_swap,bundle,4,34.347968
parallel_swap,bundle,8,18.536540
parallel_swap,bundle,16,10.883548
parallel_swap,bundle,32,6.653666
parallel_swap,bundle,64,5.496045
parallel_swap,bundle,128,4.794161
parallel_shift,collision,2,62.778143
parallel_shift,collision,4,32.651247
parallel_shift,collision,8,17.367642
parallel_shift,collision,16,9.620685
parallel_shift,collision,32,5.741113
parallel_shift,collision,64,4.738033
parallel_shift,collision,128,4.044684
parallel_shift,stream,2,63.113208
parallel_shift,stream,4,32.469749
parallel_shift,stream,8,17.079694
parallel_shift,stream,16,10.400046
parallel_shift,stream,32,5.815079
parallel_shift,stream,64,4.821946
parallel_shift,stream,128,4.006247
parallel_shift,bundle,2,63.839921
parallel_shift,bundle,4,33.008968
parallel_shift,bundle,8,17.143975
parallel_shift,bundle,16,9.438846
parallel_shift,bundle,32,5.853369
parallel_shift,bundle,64,4.775611
parallel_shift,bundle,128,4.010610
parallel_two_lattice,collision,2,64.243605
parallel_two_lattice,collision,4,33.125204
parallel_two_lattice,collision,8,17.615832
parallel_two_lattice,collision,16,9.702839
parallel_two_lattice,collision,32,6.147381
parallel_two_lattice,collision,64,4.756054
parallel_two_lattice,collision,128,3.613950
parallel_two_lattice,stream,2,64.765910
parallel_two_lattice,stream,4,33.190849
parallel_two_lattice,stream,8,17.451645
parallel_two_lattice,stream,16,10.284394
parallel_two_lattice,stream,32,6.241753
parallel_two_lattice,stream,64,4.766885
parallel_two_lattice,stream,128,3.626818
parallel_two_lattice,bundle,2,65.365534
parallel_two_lattice,bundle,4,33.249536
parallel_two_lattice,bundle,8,17.857267
parallel_two_lattice,bundle,16,9.677928
parallel_two_lattice,bundle,32,6.004844
parallel_two_lattice,bundle,64,4.744031
parallel_two_lattice,bundle,128,3.604407
parallel_two_lattice_framework,collision,2,64.660001
parallel_two_lattice_framework,collision,4,32.807038
parallel_two_lattice_framework,collision,8,18.397574
parallel_two_lattice_framework,collision,16,10.973093
parallel_two_lattice_framework,collision,32,6.161622
parallel_two_lattice_framework,collision,64,5.207186
parallel_two_lattice_framework,collision,128,4.409273
parallel_two_lattice_framework,stream,2,65.359640
parallel_two_lattice_framework,stream,4,33.308607
parallel_two_lattice_framework,stream,8,17.812187
parallel_two_lattice_framework,stream,16,9.760455
parallel_two_lattice_framework,stream,32,6.230235
parallel_two_lattice_framework,stream,64,5.111355
parallel_two_lattice_framework,stream,128,4.429982
parallel_two_lattice_framework,bundle,2,63.800583
parallel_two_lattice_framework,bundle,4,33.457531
parallel_two_lattice_framework,bundle,8,17.823470
parallel_two_lattice_framework,bundle,16,9.839991
parallel_two_lattice_framework,bundle,32,6.182729
parallel_two_lattice_framework,bundle,64,5.162128
parallel_two_lattice_framework,bundle,128,4.459088
parallel_two_step,collision,2,62.873635
parallel_two_step,collision,4,32.543138
parallel_two_step,collision,8,17.930533
parallel_two_step,collision,16,9.778947
parallel_two_step,collision,32,7.258658
parallel_two_step,collision,64,5.154156
parallel_two_step,collision,128,4.549916
parallel_two_step,stream,2,63.806697
parallel_two_step,stream,4,32.741416
parallel_two_step,stream,8,18.664007
parallel_two_step,stream,16,9.690331
parallel_two_step,stream,32,6.091916
parallel_two_step,stream,64,5.220861
parallel_two_step,stream,128,4.630957
parallel_two_step,bundle,2,63.912857
parallel_two_step,bundle,4,33.060177
parallel_two_step,bundle,8,17.694135
parallel_two_step,bundle,16,9.749270
parallel_two_step,bundle,32,6.163684
parallel_two_step,bundle,64,5.199396
parallel_two_step,bundle,128,4.499853
parallel_swap,collision,2,66.140762
parallel_swap,collision,4,34.034609
parallel_swap,collision,8,18.305027
parallel_swap,collision,16,10.254948
parallel_swap,collision,32,6.568923
parallel_swap,collision,64,5.571351
parallel_swap,collision,128,4.824060
parallel_swap,stream,2,64.898121
parallel_swap,stream,4,33.730597
parallel_swap,stream,8,19.603892
parallel_swap,stream,16,10.211778
parallel_swap,stream,32,6.565106
parallel_swap,stream,64,5.576848
parallel_swap,stream,128,4.906550
parallel_swap,bundle,2,66.150761
parallel_swap,bundle,4,34.295149
parallel_swap,bundle,8,18.208088
parallel_swap,bundle,16,10.303719
parallel_swap,bundle,32,6.568386
parallel_swap,bundle,64,5.621893
parallel_swap,bundle,128,4.938503
parallel_shift,collision,2,61.816452
parallel_shift,collision,4,32.176970
parallel_shift,collision,8,17.418065
parallel_shift,collision,16,10.383688
parallel_shift,collision,32,5.809868
parallel_shift,collision,64,5.289254
parallel_shift,collision,128,4.016412
parallel_shift,stream,2,62.352173
parallel_shift,stream,4,32.600839
parallel_shift,stream,8,17.254879
parallel_shift,stream,16,9.865962
parallel_shift,stream,32,5.935609
parallel_shift,stream,64,4.762662
parallel_shift,stream,128,3.979865
parallel_shift,bundle,2,63.357562
parallel_shift,bundle,4,32.774312
parallel_shift,bundle,8,17.242779
parallel_shift,bundle,16,9.890791
parallel_shift,bundle,32,5.805644
parallel_shift,bundle,64,5.288796
parallel_shift,bundle,128,3.987815
parallel_two_lattice,collision,2,64.579938
parallel_two_lattice,collision,4,33.087477
parallel_two_lattice,collision,8,18.255477
parallel_two_lattice,collision,16,9.778586
parallel_two_lattice,collision,32,6.008752
parallel_two_lattice,collision,64,4.759241
parallel_two_lattice,collision,128,3.638155
parallel_two_lattice,stream,2,65.384288
parallel_two_lattice,stream,4,33.121345
parallel_two_lattice,stream,8,17.434140
parallel_two_lattice,stream,16,9.800457
parallel_two_lattice,stream,32,5.953033
parallel_two_lattice,stream,64,4.789186
parallel_two_lattice,stream,128,3.608946
parallel_two_lattice,bundle,2,63.702023
parallel_two_lattice,bundle,4,33.118407
parallel_two_lattice,bundle,8,17.783224
parallel_two_lattice,bundle,16,9.743846
parallel_two_lattice,bundle,32,6.119570
parallel_two_lattice,bundle,64,4.788681
parallel_two_lattice,bundle,128,3.631294
parallel_two_lattice_framework,collision,2,65.130594
parallel_two_lattice_framework,collision,4,33.092503
parallel_two_lattice_framework,collision,8,17.528747
parallel_two_lattice_framework,collision,16,10.304645
parallel_two_lattice_framework,collision,32,6.393885
parallel_two_lattice_framework,collision,64,5.159667
parallel_two_lattice_framework,collision,128,4.368040
parallel_two_lattice_framework,stream,2,65.489548
parallel_two_lattice_framework,stream,4,33.025985
parallel_two_lattice_framework,stream,8,17.560851
parallel_two_lattice_framework,stream,16,9.976591
parallel_two_lattice_framework,stream,32,7.259612
parallel_two_lattice_framework,stream,64,5.227740
parallel_two_lattice_framework,stream,128,4.429252
parallel_two_lattice_framework,bundle,2,63.762219
parallel_two_lattice_framework,bundle,4,33.536450
parallel_two_lattice_framework,bundle,8,17.965895
parallel_two_lattice_framework,bundle,16,10.359051
parallel_two_lattice_framework,bundle,32,6.308698
parallel_two_lattice_framework,bundle,64,5.155632
parallel_two_lattice_framework,bundle,128,4.394189
parallel_two_step,collision,2,64.167229
parallel_two_step,collision,4,32.716606
parallel_two_step,collision,8,17.275886
parallel_two_step,collision,16,9.680626
parallel_two_step,collision,32,6.109664
parallel_two_step,collision,64,5.198855
parallel_two_step,collision,128,4.480767
parallel_two_step,stream,2,62.453639
parallel_two_step,stream,4,32.084625
parallel_two_step,stream,8,19.538126
parallel_two_step,stream,16,9.758216
parallel_two_step,stream,32,6.164168
parallel_two_step,stream,64,5.253491
parallel_two_step,stream,128,4.560930
parallel_two_step,bundle,2,64.072935
parallel_two_step,bundle,4,32.137877
parallel_two_step,bundle,8,17.683880
parallel_two_step,bundle,16,9.723587
parallel_two_step,bundle,32,6.044165
parallel_two_step,bundle,64,5.245951
parallel_two_step,bundle,128,4.522116
parallel_swap,collision,2,65.687059
parallel_swap,collision,4,33.829738
parallel_swap,collision,8,19.237893
parallel_swap,collision,16,10.885916
parallel_swap,collision,32,6.622078
parallel_swap,collision,64,5.553564
parallel_swap,collision,128,4.858021
parallel_swap,stream,2,66.196791
parallel_swap,stream,4,33.545785
parallel_swap,stream,8,18.451602
parallel_swap,stream,16,10.962189
parallel_swap,stream,32,6.639611
parallel_swap,stream,64,5.568619
parallel_swap,stream,128,4.869927
parallel_swap,bundle,2,66.463438
parallel_swap,bundle,4,33.613921
parallel_swap,bundle,8,19.544419
parallel_swap,bundle,16,10.216176
parallel_swap,bundle,32,6.759534
parallel_swap,bundle,64,5.537410
parallel_swap,bundle,128,4.900743
parallel_shift,collision,2,62.089559
parallel_shift,collision,4,31.685681
parallel_shift,collision,8,17.127347
parallel_shift,collision,16,10.136197
parallel_shift,collision,32,5.804558
parallel_shift,collision,64,5.255106
parallel_shift,collision,128,3.974626
parallel_shift,stream,2,62.573135
parallel_shift,stream,4,32.417620
parallel_shift,stream,8,17.206071
parallel_shift,stream,16,10.208321
parallel_shift,stream,32,5.793622
parallel_shift,stream,64,4.737033
parallel_shift,stream,128,3.982537
parallel_shift,bundle,2,62.945798
parallel_shift,bundle,4,32.208879
parallel_shift,bundle,8,17.145734
parallel_shift,bundle,16,9.552076
parallel_shift,bundle,32,5.852768
parallel_shift,bundle,64,5.270071
parallel_shift,bundle,128,4.001300
parallel_two_lattice,collision,2,63.530759
parallel_two_lattice,collision,4,33.209334
parallel_two_lattice,collision,8,17.665366
parallel_two_lattice,collision,16,10.141561
parallel_two_lattice,collision,32,5.990290
parallel_two_lattice,collision,64,4.682752
parallel_two_lattice,collision,128,3.626258
parallel_two_lattice,stream,2,64.140001
parallel_two_lattice,stream,4,33.108564
parallel_two_lattice,stream,8,17.425521
parallel_two_lattice,stream,16,9.668859
parallel_two_lattice,stream,32,6.022144
parallel_two_lattice,stream,64,4.807667
parallel_two_lattice,stream,128,3.617073
parallel_two_lattice,bundle,2,64.272125
parallel_two_lattice,bundle,4,32.838144
parallel_two_lattice,bundle,8,17.547903
parallel_two_lattice,bundle,16,10.157187
parallel_two_lattice,bundle,32,5.944535
parallel_two_lattice,bundle,64,4.827633
parallel_two_lattice,bundle,128,3.631123
parallel_two_lattice_framework,collision,2,64.104080
parallel_two_lattice_framework,collision,4,33.345953
parallel_two_lattice_framework,collision,8,17.691667
parallel_two_lattice_framework,collision,16,10.502447
parallel_two_lattice_framework,collision,32,6.242183
parallel_two_lattice_framework,collision,64,5.219168
parallel_two_lattice_framework,collision,128,4.491229
parallel_two_lattice_framework,stream,2,65.376481
parallel_two_lattice_framework,stream,4,32.824285
parallel_two_lattice_framework,stream,8,17.674318
parallel_two_lattice_framework,stream,16,10.928628
parallel_two_lattice_framework,stream,32,6.270975
parallel_two_lattice_framework,stream,64,5.193481
parallel_two_lattice_framework,stream,128,4.473106
parallel_two_lattice_framework,bundle,2,63.755474
parallel_two_lattice_framework,bundle,4,33.113222
parallel_two_lattice_framework,bundle,8,17.569533
parallel_two_lattice_framework,bundle,16,9.802634
parallel_two_lattice_framework,bundle,32,6.236478
parallel_two_lattice_framework,bundle,64,5.238464
parallel_two_lattice_framework,bundle,128,4.478560
parallel_two_step,collision,2,62.899975
parallel_two_step,collision,4,32.817601
parallel_two_step,collision,8,17.435752
parallel_two_step,collision,16,9.691729
parallel_two_step,collision,32,6.024892
parallel_two_step,collision,64,5.276791
parallel_two_step,collision,128,4.542091
parallel_two_step,stream,2,62.498714
parallel_two_step,stream,4,32.561373
parallel_two_step,stream,8,17.513778
parallel_two_step,stream,16,10.005780
parallel_two_step,stream,32,6.258476
parallel_two_step,stream,64,5.250319
parallel_two_step,stream,128,4.561883
parallel_two_step,bundle,2,63.454125
parallel_two_step,bundle,4,32.506834
parallel_two_step,bundle,8,17.479817
parallel_two_step,bundle,16,10.130486
parallel_two_step,bundle,32,6.028479
parallel_two_step,bundle,64,5.201909
parallel_two_step,bundle,128,4.505308
parallel_swap,collision,2,65.830279
parallel_swap,collision,4,33.908622
parallel_swap,collision,8,18.120204
parallel_swap,collision,16,10.378120
parallel_swap,collision,32,6.569001
parallel_swap,collision,64,5.495493
parallel_swap,collision,128,4.876276
parallel_swap,stream,2,66.217538
parallel_swap,stream,4,33.530704
parallel_swap,stream,8,18.866878
parallel_swap,stream,16,10.890551
parallel_swap,stream,32,6.604732
parallel_swap,stream,64,5.566966
parallel_swap,stream,128,4.893274
parallel_swap,bundle,2,66.029221
parallel_swap,bundle,4,33.505731
parallel_swap,bundle,8,18.406777
parallel_swap,bundle,16,10.376383
parallel_swap,bundle,32,6.561735
parallel_swap,bundle,64,5.503058
parallel_swap,bundle,128,4.870319
parallel_shift,collision,2,61.836884
parallel_shift,collision,4,32.053841
parallel_shift,collision,8,17.122971
parallel_shift,collision,16,9.974089
parallel_shift,collision,32,5.802506
parallel_shift,collision,64,4.796261
parallel_shift,collision,128,4.033315
parallel_shift,stream,2,63.251494
parallel_shift,stream,4,32.835830
parallel_shift,stream,8,17.159402
parallel_shift,stream,16,9.402618
parallel_shift,stream,32,5.736427
parallel_shift,stream,64,4.801627
parallel_shift,stream,128,4.041093
parallel_shift,bundle,2,63.585070
parallel_shift,bundle,4,32.093456
parallel_shift,bundle,8,17.467333
parallel_shift,bundle,16,10.053243
parallel_shift,bundle,32,5.852821
parallel_shift,bundle,64,4.833730
parallel_shift,bundle,128,3.964768
parallel_two_lattice,collision,2,63.609950
parallel_two_lattice,collision,4,33.176101
parallel_two_lattice,collision,8,17.768613
parallel_two_lattice,collision,16,9.817824
parallel_two_lattice,collision,32,6.231119
parallel_two_lattice,collision,64,4.741237
parallel_two_lattice,collision,128,3.608711
parallel_two_lattice,stream,2,64.893727
parallel_two_lattice,stream,4,33.173843
parallel_two_lattice,stream,8,18.044809
parallel_two_lattice,stream,16,9.766809
parallel_two_lattice,stream,32,6.242384
parallel_two_lattice,stream,64,4.769982
parallel_two_lattice,stream,128,3.617333
parallel_two_lattice,bundle,2,64.806332
parallel_two_lattice,bundle,4,33.284938
parallel_two_lattice,bundle,8,17.674913
parallel_two_lattice,bundle,16,10.187015
parallel_two_lattice,bundle,32,6.084367
parallel_two_lattice,bundle,64,4.762028
parallel_two_lattice,bundle,128,3.616687
parallel_two_lattice_framework,collision,2,64.375171
parallel_two_lattice_framework,collision,4,33.131869
parallel_two_lattice_framework,collision,8,17.552205
parallel_two_lattice_framework,collision,16,10.447159
parallel_two_lattice_framework,collision,32,6.239187
parallel_two_lattice_framework,collision,64,5.111532
parallel_two_lattice_framework,collision,128,4.405158
parallel_two_lattice_framework,stream,2,65.186816
parallel_two_lattice_framework,stream,4,33.216211
parallel_two_lattice_framework,stream,8,17.942522
parallel_two_lattice_framework,stream,16,9.940144
parallel_two_lattice_framework,stream,32,6.259023
parallel_two_lattice_framework,stream,64,5.233607
parallel_two_lattice_framework,stream,128,4.436646
parallel_two_lattice_framework,bundle,2,64.449285
parallel_two_lattice_framework,bundle,4,33.390023
parallel_two_lattice_framework,bundle,8,17.568415
parallel_two_lattice_framework,bundle,16,10.505201
parallel_two_lattice_framework,bundle,32,6.155771
parallel_two_lattice_framework,bundle,64,5.176551
parallel_two_lattice_framework,bundle,128,4.499179
parallel_two_step,collision,2,64.057813
parallel_two_step,collision,4,32.941143
parallel_two_step,collision,8,18.310048
parallel_two_step,collision,16,10.327901
parallel_two_step,collision,32,6.180283
parallel_two_step,collision,64,5.158063
parallel_two_step,collision,128,4.565787
parallel_two_step,stream,2,63.543354
parallel_two_step,stream,4,32.726790
parallel_two_step,stream,8,17.510257
parallel_two_step,stream,16,9.752018
parallel_two_step,stream,32,6.148776
parallel_two_step,stream,64,5.290161
parallel_two_step,stream,128,4.566311
parallel_two_step,bundle,2,62.866300
parallel_two_step,bundle,4,32.967721
parallel_two_step,bundle,8,18.271004
parallel_two_step,bundle,16,10.035796
parallel_two_step,bundle,32,6.177331
parallel_two_step,bundle,64,5.159263
parallel_two_step,bundle,128,4.599612
parallel_swap,collision,2,66.122167
parallel_swap,collision,4,33.828152
parallel_swap,collision,8,18.421619
parallel_swap,collision,16,10.351282
parallel_swap,collision,32,6.853822
parallel_swap,collision,64,5.474160
parallel_swap,collision,128,4.879335
parallel_swap,stream,2,66.047496
parallel_swap,stream,4,33.734234
parallel_swap,stream,8,18.249959
parallel_swap,stream,16,10.194147
parallel_swap,stream,32,6.574880
parallel_swap,stream,64,5.594384
parallel_swap,stream,128,4.929564
parallel_swap,bundle,2,66.077381
parallel_swap,bundle,4,34.325134
parallel_swap,bundle,8,19.336305
parallel_swap,bundle,16,11.261083
parallel_swap,bundle,32,6.750783
parallel_swap,bundle,64,5.504959
parallel_swap,bundle,128,4.785761
parallel_shift,collision,2,61.696886
parallel_shift,collision,4,31.707944
parallel_shift,collision,8,17.260788
parallel_shift,collision,16,9.518540
parallel_shift,collision,32,5.890708
parallel_shift,collision,64,5.276398
parallel_shift,collision,128,3.970010
parallel_shift,stream,2,64.276857
parallel_shift,stream,4,32.581812
parallel_shift,stream,8,17.478553
parallel_shift,stream,16,9.580769
parallel_shift,stream,32,5.844056
parallel_shift,stream,64,4.836696
parallel_shift,stream,128,4.060701
parallel_shift,bundle,2,63.996388
parallel_shift,bundle,4,32.820177
parallel_shift,bundle,8,17.258090
parallel_shift,bundle,16,9.761941
parallel_shift,bundle,32,5.786679
parallel_shift,bundle,64,4.804776
parallel_shift,bundle,128,3.921919
parallel_two_lattice,collision,2,64.086654
parallel_two_lattice,collision,4,33.142173
parallel_two_lattice,collision,8,17.337134
parallel_two_lattice,collision,16,9.756865
parallel_two_lattice,collision,32,6.013128
parallel_two_lattice,collision,64,4.774227
parallel_two_lattice,collision,128,3.613197
parallel_two_lattice,stream,2,65.051765
parallel_two_lattice,stream,4,33.080389
parallel_two_lattice,stream,8,17.877090
parallel_two_lattice,stream,16,10.396867
parallel_two_lattice,stream,32,6.462907
parallel_two_lattice,stream,64,4.771196
parallel_two_lattice,stream,128,3.610168
parallel_two_lattice,bundle,2,64.615165
parallel_two_lattice,bundle,4,33.273228
parallel_two_lattice,bundle,8,17.881231
parallel_two_lattice,bundle,16,9.815268
parallel_two_lattice,bundle,32,6.098932
parallel_two_lattice,bundle,64,4.750059
parallel_two_lattice,bundle,128,3.605181
parallel_two_lattice_framework,collision,2,64.454082
parallel_two_lattice_framework,collision,4,33.257906
parallel_two_lattice_framework,collision,8,17.765321
parallel_two_lattice_framework,collision,16,11.462490
parallel_two_lattice_framework,collision,32,6.323009
parallel_two_lattice_framework,collision,64,5.149588
parallel_two_lattice_framework,collision,128,4.476339
parallel_two_lattice_framework,stream,2,63.961253
parallel_two_lattice_framework,stream,4,32.896061
parallel_two_lattice_framework,stream,8,17.856864
parallel_two_lattice_framework,stream,16,9.872544
parallel_two_lattice_framework,stream,32,6.313740
parallel_two_lattice_framework,stream,64,5.121109
parallel_two_lattice_framework,stream,128,4.464078
parallel_two_lattice_framework,bundle,2,64.777423
parallel_two_lattice_framework,bundle,4,32.850798
parallel_two_lattice_framework,bundle,8,17.840376
parallel_two_lattice_framework,bundle,16,9.817821
parallel_two_lattice_framework,bundle,32,6.197490
parallel_two_lattice_framework,bundle,64,5.200223
parallel_two_lattice_framework,bundle,128,4.409023
parallel_two_step,collision,2,63.080751
parallel_two_step,collision,4,32.019055
parallel_two_step,collision,8,17.460110
parallel_two_step,collision,16,10.246586
parallel_two_step,collision,32,6.162945
parallel_two_step,collision,64,5.226438
parallel_two_step,collision,128,4.511146
parallel_two_step,stream,2,63.146268
parallel_two_step,stream,4,32.453829
parallel_two_step,stream,8,17.182390
parallel_two_step,stream,16,9.825717
parallel_two_step,stream,32,6.109852
parallel_two_step,stream,64,5.295105
parallel_two_step,stream,128,4.523481
parallel_two_step,bundle,2,63.725822
parallel_two_step,bundle,4,32.901137
parallel_two_step,bundle,8,17.717665
parallel_two_step,bundle,16,10.293288
parallel_two_step,bundle,32,6.191458
parallel_two_step,bundle,64,5.196611
parallel_two_step,bundle,128,4.547087
parallel_swap,collision,2,65.341131
parallel_swap,collision,4,33.889862
parallel_swap,collision,8,18.366175
parallel_swap,collision,16,10.275864
parallel_swap,collision,32,6.552806
parallel_swap,collision,64,5.541811
parallel_swap,collision,128,4.875365
parallel_swap,stream,2,64.888309
parallel_swap,stream,4,33.539947
parallel_swap,stream,8,18.310198
parallel_swap,stream,16,10.237623
parallel_swap,stream,32,6.571588
parallel_swap,stream,64,5.515153
parallel_swap,stream,128,4.870128
parallel_swap,bundle,2,66.430913
parallel_swap,bundle,4,34.162848
parallel_swap,bundle,8,18.573080
parallel_swap,bundle,16,10.455687
parallel_swap,bundle,32,6.616262
parallel_swap,bundle,64,5.534023
parallel_swap,bundle,128,4.803689
parallel_shift,collision,2,62.892455
parallel_shift,collision,4,32.371451
parallel_shift,collision,8,18.130688
parallel_shift,collision,16,9.306467
parallel_shift,collision,32,5.810335
parallel_shift,collision,64,4.799166
parallel_shift,collision,128,3.945939
parallel_shift,stream,2,62.129502
parallel_shift,stream,4,32.337045
parallel_shift,stream,8,17.285051
parallel_shift,stream,16,9.958394
parallel_shift,stream,32,5.813309
parallel_shift,stream,64,5.286782
parallel_shift,stream,128,3.995196
parallel_shift,bundle,2,63.470634
parallel_shift,bundle,4,32.724467
parallel_shift,bundle,8,17.445417
parallel_shift,bundle,16,9.999588
parallel_shift,bundle,32,5.830514
parallel_shift,bundle,64,4.804859
parallel_shift,bundle,128,4.000953
parallel_two_lattice,collision,2,64.753137
parallel_two_lattice,collision,4,32.840907
parallel_two_lattice,collision,8,17.956801
parallel_two_lattice,collision,16,9.787775
parallel_two_lattice,collision,32,5.951224
parallel_two_lattice,collision,64,4.811893
parallel_two_lattice,collision,128,3.648872
parallel_two_lattice,stream,2,64.633728
parallel_two_lattice,stream,4,33.217792
parallel_two_lattice,stream,8,17.509797
parallel_two_lattice,stream,16,10.103103
parallel_two_lattice,stream,32,6.137056
parallel_two_lattice,stream,64,4.788043
parallel_two_lattice,stream,128,3.641910
parallel_two_lattice,bundle,2,64.479498
parallel_two_lattice,bundle,4,33.530869
parallel_two_lattice,bundle,8,17.993881
parallel_two_lattice,bundle,16,9.668264
parallel_two_lattice,bundle,32,6.242471
parallel_two_lattice,bundle,64,4.781441
parallel_two_lattice,bundle,128,3.616021
parallel_two_lattice_framework,collision,2,64.271533
parallel_two_lattice_framework,collision,4,33.276253
parallel_two_lattice_framework,collision,8,17.643976
parallel_two_lattice_framework,collision,16,9.938472
parallel_two_lattice_framework,collision,32,6.223453
parallel_two_lattice_framework,collision,64,5.155593
parallel_two_lattice_framework,collision,128,4.455174
parallel_two_lattice_framework,stream,2,65.131947
parallel_two_lattice_framework,stream,4,32.928477
parallel_two_lattice_framework,stream,8,18.470285
parallel_two_lattice_framework,stream,16,10.207112
parallel_two_lattice_framework,stream,32,7.231686
parallel_two_lattice_framework,stream,64,5.143107
parallel_two_lattice_framework,stream,128,4.438020
parallel_two_lattice_framework,bundle,2,65.379231
parallel_two_lattice_framework,bundle,4,33.056523
parallel_two_lattice_framework,bundle,8,17.811924
parallel_two_lattice_framework,bundle,16,10.968688
parallel_two_lattice_framework,bundle,32,6.299266
parallel_two_lattice_framework,bundle,64,5.147864
parallel_two_lattice_framework,bundle,128,4.501103
parallel_two_step,collision,2,62.931963
parallel_two_step,collision,4,32.678759
parallel_two_step,collision,8,17.441399
parallel_two_step,collision,16,10.255333
parallel_two_step,collision,32,6.084489
parallel_two_step,collision,64,5.187935
parallel_two_step,collision,128,4.498356
parallel_two_step,stream,2,62.293300
parallel_two_step,stream,4,32.710142
parallel_two_step,stream,8,17.241568
parallel_two_step,stream,16,10.264995
parallel_two_step,stream,32,6.208018
parallel_two_step,stream,64,5.231131
parallel_two_step,stream,128,4.536021
parallel_two_step,bundle,2,62.485504
parallel_two_step,bundle,4,32.826327
parallel_two_step,bundle,8,17.545762
parallel_two_step,bundle,16,9.795132
parallel_two_step,bundle,32,6.172410
parallel_two_step,bundle,64,5.179413
parallel_two_step,bundle,128,4.529247
parallel_swap,collision,2,64.799682
parallel_swap,collision,4,34.085603
parallel_swap,collision,8,18.191942
parallel_swap,collision,16,10.522796
parallel_swap,collision,32,6.680357
parallel_swap,collision,64,5.573704
parallel_swap,collision,128,4.881379
parallel_swap,stream,2,64.670529
parallel_swap,stream,4,34.061321
parallel_swap,stream,8,19.878525
parallel_swap,stream,16,10.447751
parallel_swap,stream,32,6.612607
parallel_swap,stream,64,5.542954
parallel_swap,stream,128,4.879696
parallel_swap,bundle,2,65.337525
parallel_swap,bundle,4,34.164687
parallel_swap,bundle,8,18.496147
parallel_swap,bundle,16,10.321014
parallel_swap,bundle,32,6.839259
parallel_swap,bundle,64,5.530323
parallel_swap,bundle,128,4.862576
parallel_shift,collision,2,63.738112
parallel_shift,collision,4,31.972762
parallel_shift,collision,8,16.954800
parallel_shift,collision,16,9.419311
parallel_shift,collision,32,5.862783
parallel_shift,collision,64,5.227060
parallel_shift,collision,128,4.005791
parallel_shift,stream,2,64.678059
parallel_shift,stream,4,32.093878
parallel_shift,stream,8,17.993572
parallel_shift,stream,16,9.921902
parallel_shift,stream,32,5.847026
parallel_shift,stream,64,4.786919
parallel_shift,stream,128,4.030049
parallel_shift,bundle,2,63.614881
parallel_shift,bundle,4,32.191746
parallel_shift,bundle,8,17.281677
parallel_shift,bundle,16,9.580335
parallel_shift,bundle,32,5.843660
parallel_shift,bundle,64,5.339954
parallel_shift,bundle,128,3.950416
parallel_two_lattice,collision,2,64.360942
parallel_two_lattice,collision,4,33.053887
parallel_two_lattice,collision,8,17.794117
parallel_two_lattice,collision,16,9.853587
parallel_two_lattice,collision,32,6.236032
parallel_two_lattice,collision,64,4.786581
parallel_two_lattice,collision,128,3.615359
parallel_two_lattice,stream,2,64.920062
parallel_two_lattice,stream,4,32.892567
parallel_two_lattice,stream,8,17.655817
parallel_two_lattice,stream,16,10.210733
parallel_two_lattice,stream,32,6.013612
parallel_two_lattice,stream,64,4.802743
parallel_two_lattice,stream,128,3.621841
parallel_two_lattice,bundle,2,65.049706
parallel_two_lattice,bundle,4,32.990450
parallel_two_lattice,bundle,8,17.786193
parallel_two_lattice,bundle,16,9.874285
parallel_two_lattice,bundle,32,6.116349
parallel_two_lattice,bundle,64,4.773440
parallel_two_lattice,bundle,128,3.626630
parallel_two_lattice_framework,collision,2,64.679564
parallel_two_lattice_framework,collision,4,33.284679
parallel_two_lattice_framework,collision,8,18.046831
parallel_two_lattice_framework,collision,16,10.514461
parallel_two_lattice_framework,collision,32,6.269510
parallel_two_lattice_framework,collision,64,5.122260
parallel_two_lattice_framework,collision,128,4.499091
parallel_two_lattice_framework,stream,2,64.732996
parallel_two_lattice_framework,stream,4,33.580433
parallel_two_lattice_framework,stream,8,17.903980
parallel_two_lattice_framework,stream,16,9.933744
parallel_two_lattice_framework,stream,32,6.448138
parallel_two_lattice_framework,stream,64,5.191116
parallel_two_lattice_framework,stream,128,4.437029
parallel_two_lattice_framework,bundle,2,64.686130
parallel_two_lattice_framework,bundle,4,32.853708
parallel_two_lattice_framework,bundle,8,17.982762
parallel_two_lattice_framework,bundle,16,9.973747
parallel_two_lattice_framework,bundle,32,6.220864
parallel_two_lattice_framework,bundle,64,5.201142
parallel_two_lattice_framework,bundle,128,4.454482
parallel_two_step,collision,2,62.258307
parallel_two_step,collision,4,32.893818
parallel_two_step,collision,8,17.706713
parallel_two_step,collision,16,10.458781
parallel_two_step,collision,32,6.133808
parallel_two_step,collision,64,5.192115
parallel_two_step,collision,128,4.613660
parallel_two_step,stream,2,62.934192
parallel_two_step,stream,4,32.598090
parallel_two_step,stream,8,18.812902
parallel_two_step,stream,16,10.318973
parallel_two_step,stream,32,6.173680
parallel_two_step,stream,64,5.262023
parallel_two_step,stream,128,4.553750
parallel_two_step,bundle,2,62.364878
parallel_two_step,bundle,4,32.870373
parallel_two_step,bundle,8,17.441585
parallel_two_step,bundle,16,9.645566
parallel_two_step,bundle,32,7.144781
parallel_two_step,bundle,64,5.208570
parallel_two_step,bundle,128,4.503439
parallel_swap,collision,2,65.282773
parallel_swap,collision,4,34.003956
parallel_swap,collision,8,18.450631
parallel_swap,collision,16,10.757374
parallel_swap,collision,32,6.636646
parallel_swap,collision,64,5.522811
parallel_swap,collision,128,4.839687
parallel_swap,stream,2,66.616773
parallel_swap,stream,4,33.782198
parallel_swap,stream,8,18.083698
parallel_swap,stream,16,10.399762
parallel_swap,stream,32,6.534890
parallel_swap,stream,64,5.565070
parallel_swap,stream,128,4.904184
parallel_swap,bundle,2,66.151944
parallel_swap,bundle,4,34.311211
parallel_swap,bundle,8,18.192824
parallel_swap,bundle,16,11.258634
parallel_swap,bundle,32,6.638575
parallel_swap,bundle,64,5.492251
parallel_swap,bundle,128,4.838216
parallel_shift,collision,2,63.672900
parallel_shift,collision,4,32.217697
parallel_shift,collision,8,17.072570
parallel_shift,collision,16,9.529204
parallel_shift,collision,32,5.747791
parallel_shift,collision,64,4.825391
parallel_shift,collision,128,3.994306
parallel_shift,stream,2,63.150520
parallel_shift,stream,4,32.529743
parallel_shift,stream,8,17.191858
parallel_shift,stream,16,9.964520
parallel_shift,stream,32,6.217436
parallel_shift,stream,64,5.336632
parallel_shift,stream,128,3.982309
parallel_shift,bundle,2,64.010950
parallel_shift,bundle,4,32.996867
parallel_shift,bundle,8,17.332021
parallel_shift,bundle,16,10.112459
parallel_shift,bundle,32,5.803562
parallel_shift,bundle,64,5.302918
parallel_shift,bundle,128,3.999152
parallel_two_lattice,collision,2,63.492683
parallel_two_lattice,collision,4,33.000671
parallel_two_lattice,collision,8,17.661128
parallel_two_lattice,collision,16,9.804648
parallel_two_lattice,collision,32,6.060977
parallel_two_lattice,collision,64,4.753784
parallel_two_lattice,collision,128,3.656722
parallel_two_lattice,stream,2,65.062187
parallel_two_lattice,stream,4,33.303575
parallel_two_lattice,stream,8,17.658552
parallel_two_lattice,stream,16,9.859663
parallel_two_lattice,stream,32,6.223617
parallel_two_lattice,stream,64,4.773939
parallel_two_lattice,stream,128,3.627442
parallel_two_lattice,bundle,2,64.994927
parallel_two_lattice,bundle,4,33.072952
parallel_two_lattice,bundle,8,17.470032
parallel_two_lattice,bundle,16,9.827234
parallel_two_lattice,bundle,32,6.027397
parallel_two_lattice,bundle,64,4.813012
parallel_two_lattice,bundle,128,3.645341
parallel_two_lattice_framework,collision,2,64.774934
parallel_two_lattice_framework,collision,4,33.363659
parallel_two_lattice_framework,collision,8,17.846601
parallel_two_lattice_framework,collision,16,9.843801
parallel_two_lattice_framework,collision,32,6.243548
parallel_two_lattice_framework,collision,64,5.196783
parallel_two_lattice_framework,collision,128,4.429381
parallel_two_lattice_framework,stream,2,64.355668
parallel_two_lattice_framework,stream,4,33.092791
parallel_two_lattice_framework,stream,8,17.622582
parallel_two_lattice_framework,stream,16,10.517874
parallel_two_lattice_framework,stream,32,7.292984
parallel_two_lattice_framework,stream,64,5.183019
parallel_two_lattice_framework,stream,128,4.458411
parallel_two_lattice_framework,bundle,2,64.680330
parallel_two_lattice_framework,bundle,4,32.827048
parallel_two_lattice_framework,bundle,8,17.902458
parallel_two_lattice_framework,bundle,16,9.765648
parallel_two_lattice_framework,bundle,32,6.200745
parallel_two_lattice_framework,bundle,64,5.178797
parallel_two_lattice_framework,bundle,128,4.408201
parallel_two_step,collision,2,62.478827
parallel_two_step,collision,4,32.844753
parallel_two_step,collision,8,17.207183
parallel_two_step,collision,16,10.324775
parallel_two_step,collision,32,6.083698
parallel_two_step,collision,64,5.201825
parallel_two_step,collision,128,4.504256
parallel_two_step,stream,2,63.338714
parallel_two_step,stream,4,32.777955
parallel_two_step,stream,8,17.251017
parallel_two_step,stream,16,9.738780
parallel_two_step,stream,32,6.046828
parallel_two_step,stream,64,5.309104
parallel_two_step,stream,128,4.548115
parallel_two_step,bundle,2,63.095631
parallel_two_step,bundle,4,32.642960
parallel_two_step,bundle,8,17.686223
parallel_two_step,bundle,16,9.780315
parallel_two_step,bundle,32,6.197995
parallel_two_step,bundle,64,5.289374
parallel_two_step,bundle,128,4.520133
parallel_swap,collision,2,65.361256
parallel_swap,collision,4,34.227510
parallel_swap,collision,8,19.732380
parallel_swap,collision,16,10.320885
parallel_swap,collision,32,6.635957
parallel_swap,collision,64,5.542864
parallel_swap,collision,128,4.869380
parallel_swap,stream,2,64.726754
parallel_swap,stream,4,34.186792
parallel_swap,stream,8,18.274160
parallel_swap,stream,16,10.210862
parallel_swap,stream,32,6.648402
parallel_swap,stream,64,5.560057
parallel_swap,stream,128,4.841453
parallel_swap,bundle,2,66.215781
parallel_swap,bundle,4,34.082079
parallel_swap,bundle,8,18.087060
parallel_swap,bundle,16,10.541603
parallel_swap,bundle,32,6.575505
parallel_swap,bundle,64,5.568645
parallel_swap,bundle,128,4.909254
parallel_shift,collision,2,61.836382
parallel_shift,collision,4,31.667712
parallel_shift,collision,8,17.122353
parallel_shift,collision,16,9.464547
parallel_shift,collision,32,5.727736
parallel_shift,collision,64,4.766392
parallel_shift,collision,128,4.033048
parallel_shift,stream,2,62.297207
parallel_shift,stream,4,32.042430
parallel_shift,stream,8,17.509871
parallel_shift,stream,16,9.435234
parallel_shift,stream,32,5.864706
parallel_shift,stream,64,5.331555
parallel_shift,stream,128,4.031073
parallel_shift,bundle,2,64.055894
parallel_shift,bundle,4,32.701162
parallel_shift,bundle,8,18.514660
parallel_shift,bundle,16,9.436518
parallel_shift,bundle,32,5.890002
parallel_shift,bundle,64,4.835634
parallel_shift,bundle,128,3.951852
parallel_two_lattice,collision,2,64.569270
parallel_two_lattice,collision,4,33.465794
parallel_two_lattice,collision,8,17.876712
parallel_two_lattice,collision,16,10.700737
parallel_two_lattice,collision,32,6.027976
parallel_two_lattice,collision,64,4.726221
parallel_two_lattice,collision,128,3.627798
parallel_two_lattice,stream,2,64.839941
parallel_two_lattice,stream,4,33.152267
parallel_two_lattice,stream,8,19.438470
parallel_two_lattice,stream,16,9.770753
parallel_two_lattice,stream,32,6.145187
parallel_two_lattice,stream,64,4.764401
parallel_two_lattice,stream,128,3.669761
parallel_two_lattice,bundle,2,64.231166
parallel_two_lattice,bundle,4,32.945978
parallel_two_lattice,bundle,8,17.706240
parallel_two_lattice,bundle,16,10.045597
parallel_two_lattice,bundle,32,6.049637
parallel_two_lattice,bundle,64,4.766141
parallel_two_lattice,bundle,128,3.580561
parallel_two_lattice_framework,collision,2,63.681883
parallel_two_lattice_framework,collision,4,33.271031
parallel_two_lattice_framework,collision,8,17.535889
parallel_two_lattice_framework,collision,16,9.764141
parallel_two_lattice_framework,collision,32,7.201802
parallel_two_lattice_framework,collision,64,5.123651
parallel_two_lattice_framework,collision,128,4.549561
parallel_two_lattice_framework,stream,2,64.869046
parallel_two_lattice_framework,stream,4,32.857191
parallel_two_lattice_framework,stream,8,17.674647
parallel_two_lattice_framework,stream,16,9.966199
parallel_two_lattice_framework,stream,32,7.284403
parallel_two_lattice_framework,stream,64,5.231288
parallel_two_lattice_framework,stream,128,4.479030
parallel_two_lattice_framework,bundle,2,64.947911
parallel_two_lattice_framework,bundle,4,33.618067
parallel_two_lattice_framework,bundle,8,17.607041
parallel_two_lattice_framework,bundle,16,10.354929
parallel_two_lattice_framework,bundle,32,6.331681
parallel_two_lattice_framework,bundle,64,5.186748
parallel_two_lattice_framework,bundle,128,4.435013
parallel_two_step,collision,2,63.458423
parallel_two_step,collision,4,32.813862
parallel_two_step,collision,8,17.231682
parallel_two_step,collision,16,9.782954
parallel_two_step,collision,32,6.163064
parallel_two_step,collision,64,5.227984
parallel_two_step,collision,128,4.485985
parallel_two_step,stream,2,63.438605
parallel_two_step,stream,4,32.709523
parallel_two_step,stream,8,18.182452
parallel_two_step,stream,16,9.599235
parallel_two_step,stream,32,7.132683
parallel_two_step,stream,64,5.225147
parallel_two_step,stream,128,4.515931
parallel_two_step,bundle,2,62.847664
parallel_two_step,bundle,4,32.814014
parallel_two_step,bundle,8,18.584654
parallel_two_step,bundle,16,10.101898
parallel_two_step,bundle,32,6.132113
parallel_two_step,bundle,64,5.223515
parallel_two_step,bundle,128,4.569821
parallel_swap,collision,2,65.732547
parallel_swap,collision,4,34.146477
parallel_swap,collision,8,18.060039
parallel_swap,collision,16,10.296576
parallel_swap,collision,32,6.697754
parallel_swap,collision,64,5.526239
parallel_swap,collision,128,4.845155
parallel_swap,stream,2,65.359798
parallel_swap,stream,4,34.326879
parallel_swap,stream,8,18.417085
parallel_swap,stream,16,11.254382
parallel_swap,stream,32,6.670339
parallel_swap,stream,64,5.572819
parallel_swap,stream,128,4.835270
parallel_swap,bundle,2,66.212000
parallel_swap,bundle,4,34.057763
parallel_swap,bundle,8,18.475633
parallel_swap,bundle,16,10.967968
parallel_swap,bundle,32,6.701636
parallel_swap,bundle,64,5.525132
parallel_swap,bundle,128,4.849465
parallel_shift,collision,2,62.879416
parallel_shift,collision,4,32.198606
parallel_shift,collision,8,18.125429
parallel_shift,collision,16,9.409146
parallel_shift,collision,32,5.835664
parallel_shift,collision,64,5.297713
parallel_shift,collision,128,4.001522
parallel_shift,stream,2,62.561215
parallel_shift,stream,4,32.553242
parallel_shift,stream,8,17.037089
parallel_shift,stream,16,10.133174
parallel_shift,stream,32,5.885182
parallel_shift,stream,64,5.338296
parallel_shift,stream,128,4.037145
parallel_shift,bundle,2,62.797360
parallel_shift,bundle,4,32.762853
parallel_shift,bundle,8,17.550554
parallel_shift,bundle,16,9.437459
parallel_shift,bundle,32,5.923874
parallel_shift,bundle,64,5.288680
parallel_shift,bundle,128,4.012950
parallel_two_lattice,collision,2,64.261472
parallel_two_lattice,collision,4,33.220788
parallel_two_lattice,collision,8,17.741887
parallel_two_lattice,collision,16,9.648689
parallel_two_lattice,collision,32,6.039244
parallel_two_lattice,collision,64,4.813430
parallel_two_lattice,collision,128,3.594940
parallel_two_lattice,stream,2,64.816043
parallel_two_lattice,stream,4,33.016220
parallel_two_lattice,stream,8,18.082168
parallel_two_lattice,stream,16,10.204616
parallel_two_lattice,stream,32,6.122429
parallel_two_lattice,stream,64,4.779876
parallel_two_lattice,stream,128,3.643646
parallel_two_lattice,bundle,2,63.638514
parallel_two_lattice,bundle,4,33.437275
parallel_two_lattice,bundle,8,17.427179
parallel_two_lattice,bundle,16,9.770199
parallel_two_lattice,bundle,32,6.113167
parallel_two_lattice,bundle,64,4.795136
parallel_two_lattice,bundle,128,3.616351
parallel_two_lattice_framework,collision,2,64.767914
parallel_two_lattice_framework,collision,4,33.079899
parallel_two_lattice_framework,collision,8,17.543944
parallel_two_lattice_framework,collision,16,10.208238
parallel_two_lattice_framework,collision,32,6.232856
parallel_two_lattice_framework,collision,64,5.149908
parallel_two_lattice_framework,collision,128,4.472745
parallel_two_lattice_framework,stream,2,63.791558
parallel_two_lattice_framework,stream,4,33.464329
parallel_two_lattice_framework,stream,8,17.704028
parallel_two_lattice_framework,stream,16,10.721894
parallel_two_lattice_framework,stream,32,6.391748
parallel_two_lattice_framework,stream,64,5.120106
parallel_two_lattice_framework,stream,128,4.390413
parallel_two_lattice_framework,bundle,2,63.903880
parallel_two_lattice_framework,bundle,4,33.293396
parallel_two_lattice_framework,bundle,8,17.538333
parallel_two_lattice_framework,bundle,16,10.322076
parallel_two_lattice_framework,bundle,32,6.255465
parallel_two_lattice_framework,bundle,64,5.228683
parallel_two_lattice_framework,bundle,128,4.500312
parallel_two_step,collision,2,62.472328
parallel_two_step,collision,4,32.078606
parallel_two_step,collision,8,17.607765
parallel_two_step,collision,16,9.568514
parallel_two_step,collision,32,6.221838
parallel_two_step,collision,64,5.246469
parallel_two_step,collision,128,4.514162
parallel_two_step,stream,2,63.718553
parallel_two_step,stream,4,32.141407
parallel_two_step,stream,8,17.762593
parallel_two_step,stream,16,10.281871
parallel_two_step,stream,32,6.183076
parallel_two_step,stream,64,5.219597
parallel_two_step,stream,128,4.615875
parallel_two_step,bundle,2,64.051988
parallel_two_step,bundle,4,32.740423
parallel_two_step,bundle,8,17.482042
parallel_two_step,bundle,16,10.343579
parallel_two_step,bundle,32,6.198981
parallel_two_step,bundle,64,5.300734
parallel_two_step,bundle,128,4.512058
parallel_swap,collision,2,64.724108
parallel_swap,collision,4,33.448920
parallel_swap,collision,8,18.292687
parallel_swap,collision,16,10.377187
parallel_swap,collision,32,6.710163
parallel_swap,collision,64,5.585690
parallel_swap,collision,128,4.806438
parallel_swap,stream,2,65.891709
parallel_swap,stream,4,34.275180
parallel_swap,stream,8,18.263323
parallel_swap,stream,16,10.349482
parallel_swap,stream,32,6.645178
parallel_swap,stream,64,5.512312
parallel_swap,stream,128,4.856167
parallel_swap,bundle,2,64.792801
parallel_swap,bundle,4,34.212464
parallel_swap,bundle,8,18.145867
parallel_swap,bundle,16,10.239841
parallel_swap,bundle,32,6.662130
parallel_swap,bundle,64,5.566411
parallel_swap,bundle,128,4.902995
parallel_shift,collision,2,62.834051
parallel_shift,collision,4,32.151938
parallel_shift,collision,8,17.367044
parallel_shift,collision,16,9.752159
parallel_shift,collision,32,5.754764
parallel_shift,collision,64,5.275466
parallel_shift,collision,128,4.044716
parallel_shift,stream,2,62.603865
parallel_shift,stream,4,32.278460
parallel_shift,stream,8,17.247070
parallel_shift,stream,16,9.887666
parallel_shift,stream,32,6.033245
parallel_shift,stream,64,4.789460
parallel_shift,stream,128,3.985242
parallel_shift,bundle,2,63.928444
parallel_shift,bundle,4,32.716950
parallel_shift,bundle,8,17.272246
parallel_shift,bundle,16,9.573498
parallel_shift,bundle,32,5.873209
parallel_shift,bundle,64,5.333320
parallel_shift,bundle,128,3.987811
parallel_two_lattice,collision,2,64.575904
parallel_two_lattice,collision,4,33.137680
parallel_two_lattice,collision,8,17.737281
parallel_two_lattice,collision,16,9.650107
parallel_two_lattice,collision,32,6.114058
parallel_two_lattice,collision,64,4.752588
parallel_two_lattice,collision,128,3.598375
parallel_two_lattice,stream,2,64.576452
parallel_two_lattice,stream,4,33.148110
parallel_two_lattice,stream,8,17.677341
parallel_two_lattice,stream,16,9.823535
parallel_two_lattice,stream,32,6.184712
parallel_two_lattice,stream,64,4.818172
parallel_two_lattice,stream,128,3.625811
parallel_two_lattice,bundle,2,65.221278
parallel_two_lattice,bundle,4,32.695039
parallel_two_lattice,bundle,8,17.642377
parallel_two_lattice,bundle,16,10.109609
parallel_two_lattice,bundle,32,6.025418
parallel_two_lattice,bundle,64,4.752775
parallel_two_lattice,bundle,128,3.613920
parallel_two_lattice_framework,collision,2,64.287800
parallel_two_lattice_framework,collision,4,32.768077
parallel_two_lattice_framework,collision,8,17.753919
parallel_two_lattice_framework,collision,16,9.765055
parallel_two_lattice_framework,collision,32,6.331242
parallel_two_lattice_framework,collision,64,5.119256
parallel_two_lattice_framework,collision,128,4.403023
parallel_two_lattice_framework,stream,2,63.980067
parallel_two_lattice_framework,stream,4,33.457157
parallel_two_lattice_framework,stream,8,19.157549
parallel_two_lattice_framework,stream,16,10.604466
parallel_two_lattice_framework,stream,32,6.197670
parallel_two_lattice_framework,stream,64,5.179830
parallel_two_lattice_framework,stream,128,4.466238
parallel_two_lattice_framework,bundle,2,64.084768
parallel_two_lattice_framework,bundle,4,33.368011
parallel_two_lattice_framework,bundle,8,17.755885
parallel_two_lattice_framework,bundle,16,9.795561
parallel_two_lattice_framework,bundle,32,6.241052
parallel_two_lattice_framework,bundle,64,5.155707
parallel_two_lattice_framework,bundle,128,4.423789
parallel_two_step,collision,2,62.340089
parallel_two_step,collision,4,32.751522
parallel_two_step,collision,8,17.146682
parallel_two_step,collision,16,9.779962
parallel_two_step,collision,32,6.202567
parallel_two_step,collision,64,5.244200
parallel_two_step,collision,128,4.453752
parallel_two_step,stream,2,62.947237
parallel_two_step,stream,4,32.082193
parallel_two_step,stream,8,17.239835
parallel_two_step,stream,16,9.594980
parallel_two_step,stream,32,7.115065
parallel_two_step,stream,64,5.292296
parallel_two_step,stream,128,4.575647
parallel_two_step,bundle,2,63.935034
parallel_two_step,bundle,4,32.645118
parallel_two_step,bundle,8,17.564783
parallel_two_step,bundle,16,10.509852
parallel_two_step,bundle,32,7.149315
parallel_two_step,bundle,64,5.226099
parallel_two_step,bundle,128,4.505506
parallel_swap,collision,2,65.589232
parallel_swap,collision,4,33.747380
parallel_swap,collision,8,19.563258
parallel_swap,collision,16,10.205196
parallel_swap,collision,32,6.709795
parallel_swap,collision,64,5.519215
parallel_swap,collision,128,4.868778
parallel_swap,stream,2,65.844680
parallel_swap,stream,4,33.504470
parallel_swap,stream,8,18.389946
parallel_swap,stream,16,10.379555
parallel_swap,stream,32,6.610242
parallel_swap,stream,64,5.515393
parallel_swap,stream,128,4.865974
parallel_swap,bundle,2,65.464706
parallel_swap,bundle,4,33.857411
parallel_swap,bundle,8,18.505498
parallel_swap,bundle,16,10.357539
parallel_swap,bundle,32,6.723229
parallel_swap,bundle,64,5.567129
parallel_swap,bundle,128,4.902707
parallel_shift,collision,2,63.290215
parallel_shift,collision,4,31.681208
parallel_shift,collision,8,16.857173
parallel_shift,collision,16,9.971733
parallel_shift,collision,32,5.716065
parallel_shift,collision,64,5.311369
parallel_shift,collision,128,4.075755
parallel_shift,stream,2,62.223505
parallel_shift,stream,4,32.584002
parallel_shift,stream,8,17.379458
parallel_shift,stream,16,9.653339
parallel_shift,stream,32,5.946701
parallel_shift,stream,64,5.315345
parallel_shift,stream,128,4.031313
parallel_shift,bundle,2,63.519888
parallel_shift,bundle,4,32.173587
parallel_shift,bundle,8,17.060338
parallel_shift,bundle,16,9.405648
parallel_shift,bundle,32,5.885728
parallel_shift,bundle,64,4.765923
parallel_shift,bundle,128,4.094053
parallel_two_lattice,collision,2,64.123646
parallel_two_lattice,collision,4,33.203903
parallel_two_lattice,collision,8,17.712745
parallel_two_lattice,collision,16,10.006779
parallel_two_lattice,collision,32,6.022595
parallel_two_lattice,collision,64,4.713623
parallel_two_lattice,collision,128,3.627087
parallel_two_lattice,stream,2,63.915730
parallel_two_lattice,stream,4,32.972384
parallel_two_lattice,stream,8,17.780741
parallel_two_lattice,stream,16,9.752685
parallel_two_lattice,stream,32,5.982587
parallel_two_lattice,stream,64,4.835381
parallel_two_lattice,stream,128,3.634386
parallel_two_lattice,bundle,2,64.760721
parallel_two_lattice,bundle,4,33.227012
parallel_two_lattice,bundle,8,17.821178
parallel_two_lattice,bundle,16,10.155036
parallel_two_lattice,bundle,32,6.136175
parallel_two_lattice,bundle,64,4.766875
parallel_two_lattice,bundle,128,3.628271
parallel_two_lattice_framework,collision,2,63.532819
parallel_two_lattice_framework,collision,4,32.687225
parallel_two_lattice_framework,collision,8,17.822189
parallel_two_lattice_framework,collision,16,9.751147
parallel_two_lattice_framework,collision,32,6.168957
parallel_two_lattice_framework,collision,64,5.223701
parallel_two_lattice_framework,collision,128,4.367159
parallel_two_lattice_framework,stream,2,64.785384
parallel_two_lattice_framework,stream,4,32.980465
parallel_two_lattice_framework,stream,8,17.776335
parallel_two_lattice_framework,stream,16,10.888468
parallel_two_lattice_framework,stream,32,6.592542
parallel_two_lattice_framework,stream,64,5.131329
parallel_two_lattice_framework,stream,128,4.477255
parallel_two_lattice_framework,bundle,2,64.714662
parallel_two_lattice_framework,bundle,4,32.879527
parallel_two_lattice_framework,bundle,8,20.549592
parallel_two_lattice_framework,bundle,16,9.783162
parallel_two_lattice_framework,bundle,32,6.280365
parallel_two_lattice_framework,bundle,64,5.178405
parallel_two_lattice_framework,bundle,128,4.437284
parallel_two_step,collision,2,62.653336
parallel_two_step,collision,4,32.577781
parallel_two_step,collision,8,17.480313
parallel_two_step,collision,16,10.396148
parallel_two_step,collision,32,6.085683
parallel_two_step,collision,64,5.189082
parallel_two_step,collision,128,4.510209
parallel_two_step,stream,2,62.454448
parallel_two_step,stream,4,32.701787
parallel_two_step,stream,8,18.358271
parallel_two_step,stream,16,9.867318
parallel_two_step,stream,32,6.250233
parallel_two_step,stream,64,5.287284
parallel_two_step,stream,128,4.589477
parallel_two_step,bundle,2,63.392853
parallel_two_step,bundle,4,32.944576
parallel_two_step,bundle,8,17.573849
parallel_two_step,bundle,16,9.701838
parallel_two_step,bundle,32,6.154046
parallel_two_step,bundle,64,5.298715
parallel_two_step,bundle,128,4.611217
parallel_swap,collision,2,65.377310
parallel_swap,collision,4,34.257329
parallel_swap,collision,8,18.475342
parallel_swap,collision,16,10.633772
parallel_swap,collision,32,6.652899
parallel_swap,collision,64,5.598889
parallel_swap,collision,128,4.861534
parallel_swap,stream,2,66.168788
parallel_swap,stream,4,34.090889
parallel_swap,stream,8,18.091459
parallel_swap,stream,16,10.760790
parallel_swap,stream,32,6.797066
parallel_swap,stream,64,5.527287
parallel_swap,stream,128,4.878996
parallel_swap,bundle,2,66.055688
parallel_swap,bundle,4,34.222096
parallel_swap,bundle,8,20.585833
parallel_swap,bundle,16,10.377262
parallel_swap,bundle,32,6.609749
parallel_swap,bundle,64,5.479831
parallel_swap,bundle,128,4.923397
parallel_shift,collision,2,63.484673
parallel_shift,collision,4,32.196644
parallel_shift,collision,8,17.068582
parallel_shift,collision,16,9.852775
parallel_shift,collision,32,5.884136
parallel_shift,collision,64,4.772748
parallel_shift,collision,128,3.994126
parallel_shift,stream,2,63.138160
parallel_shift,stream,4,32.229480
parallel_shift,stream,8,16.926178
parallel_shift,stream,16,9.497727
parallel_shift,stream,32,5.850873
parallel_shift,stream,64,5.293493
parallel_shift,stream,128,3.979965
parallel_shift,bundle,2,63.194070
parallel_shift,bundle,4,32.002006
parallel_shift,bundle,8,17.430159
parallel_shift,bundle,16,9.503928
parallel_shift,bundle,32,5.865906
parallel_shift,bundle,64,4.770325
parallel_shift,bundle,128,3.967401
parallel_two_lattice,collision,2,63.608019
parallel_two_lattice,collision,4,32.696419
parallel_two_lattice,collision,8,17.346428
parallel_two_lattice,collision,16,9.827185
parallel_two_lattice,collision,32,5.937066
parallel_two_lattice,collision,64,4.709088
parallel_two_lattice,collision,128,3.642238
parallel_two_lattice,stream,2,65.045868
parallel_two_lattice,stream,4,33.039974
parallel_two_lattice,stream,8,17.404506
parallel_two_lattice,stream,16,9.677085
parallel_two_lattice,stream,32,6.111858
parallel_two_lattice,stream,64,4.768767
parallel_two_lattice,stream,128,3.636685
parallel_two_lattice,bundle,2,64.406387
parallel_two_lattice,bundle,4,33.339030
parallel_two_lattice,bundle,8,19.476257
parallel_two_lattice,bundle,16,9.664898
parallel_two_lattice,bundle,32,6.114618
parallel_two_lattice,bundle,64,4.792683
parallel_two_lattice,bundle,128,3.601326
parallel_two_lattice_framework,collision,2,64.699733
parallel_two_lattice_framework,collision,4,33.198487
parallel_two_lattice_framework,collision,8,18.012544
parallel_two_lattice_framework,collision,16,9.884938
parallel_two_lattice_framework,collision,32,7.236693
parallel_two_lattice_framework,collision,64,5.144548
parallel_two_lattice_framework,collision,128,4.406732
parallel_two_lattice_framework,stream,2,64.179767
parallel_two_lattice_framework,stream,4,33.594292
parallel_two_lattice_framework,stream,8,17.797850
parallel_two_lattice_framework,stream,16,9.923094
parallel_two_lattice_framework,stream,32,6.428616
parallel_two_lattice_framework,stream,64,5.106537
parallel_two_lattice_framework,stream,128,4.515684
parallel_two_lattice_framework,bundle,2,64.611352
parallel_two_lattice_framework,bundle,4,33.363974
parallel_two_lattice_framework,bundle,8,17.799190
parallel_two_lattice_framework,bundle,16,9.978114
parallel_two_lattice_framework,bundle,32,6.307620
parallel_two_lattice_framework,bundle,64,5.188675
parallel_two_lattice_framework,bundle,128,4.401321
parallel_two_step,collision,2,63.217369
parallel_two_step,collision,4,32.983887
parallel_two_step,collision,8,17.149760
parallel_two_step,collision,16,9.619703
parallel_two_step,collision,32,6.084248
parallel_two_step,collision,64,5.277464
parallel_two_step,collision,128,4.527456
parallel_two_step,stream,2,63.194313
parallel_two_step,stream,4,32.147505
parallel_two_step,stream,8,17.728034
parallel_two_step,stream,16,10.032391
parallel_two_step,stream,32,6.122073
parallel_two_step,stream,64,5.308166
parallel_two_step,stream,128,4.570619
parallel_two_step,bundle,2,62.352736
parallel_two_step,bundle,4,32.054781
parallel_two_step,bundle,8,17.181901
parallel_two_step,bundle,16,9.810742
parallel_two_step,bundle,32,6.197399
parallel_two_step,bundle,64,5.275588
parallel_two_step,bundle,128,4.569096
parallel_swap,collision,2,66.025583
parallel_swap,collision,4,34.082026
parallel_swap,collision,8,18.240575
parallel_swap,collision,16,10.188183
parallel_swap,collision,32,6.667360
parallel_swap,collision,64,5.529810
parallel_swap,collision,128,4.839167
parallel_swap,stream,2,65.009631
parallel_swap,stream,4,33.729028
parallel_swap,stream,8,18.171378
parallel_swap,stream,16,10.178835
parallel_swap,stream,32,6.699876
parallel_swap,stream,64,5.520360
parallel_swap,stream,128,4.853724
parallel_swap,bundle,2,64.968035
parallel_swap,bundle,4,33.811023
parallel_swap,bundle,8,18.112479
parallel_swap,bundle,16,10.379320
parallel_swap,bundle,32,7.042667
parallel_swap,bundle,64,5.562466
parallel_swap,bundle,128,4.847789
parallel_shift,collision,2,62.816048
parallel_shift,collision,4,31.724468
parallel_shift,collision,8,16.995109
parallel_shift,collision,16,9.540657
parallel_shift,collision,32,5.864577
parallel_shift,collision,64,5.345459
parallel_shift,collision,128,3.983158
parallel_shift,stream,2,63.484622
parallel_shift,stream,4,32.173728
parallel_shift,stream,8,17.262751
parallel_shift,stream,16,9.919416
parallel_shift,stream,32,5.877032
parallel_shift,stream,64,5.310848
parallel_shift,stream,128,3.974538
parallel_shift,bundle,2,64.266250
parallel_shift,bundle,4,32.253317
parallel_shift,bundle,8,17.389872
parallel_shift,bundle,16,10.204551
parallel_shift,bundle,32,5.964213
parallel_shift,bundle,64,4.800330
parallel_shift,bundle,128,4.037873
parallel_two_lattice,collision,2,63.692382
parallel_two_lattice,collision,4,32.913284
parallel_two_lattice,collision,8,17.581522
parallel_two_lattice,collision,16,10.723378
parallel_two_lattice,collision,32,6.167715
parallel_two_lattice,collision,64,4.745296
parallel_two_lattice,collision,128,3.605972
parallel_two_lattice,stream,2,63.867617
parallel_two_lattice,stream,4,32.779594
parallel_two_lattice,stream,8,17.684348
parallel_two_lattice,stream,16,9.853603
parallel_two_lattice,stream,32,6.004292
parallel_two_lattice,stream,64,4.794311
parallel_two_lattice,stream,128,3.665764
parallel_two_lattice,bundle,2,64.589784
parallel_two_lattice,bundle,4,32.992958
parallel_two_lattice,bundle,8,17.877087
parallel_two_lattice,bundle,16,10.047197
parallel_two_lattice,bundle,32,6.004036
parallel_two_lattice,bundle,64,4.801413
parallel_two_lattice,bundle,128,3.627283
parallel_two_lattice_framework,collision,2,63.745284
parallel_two_lattice_framework,collision,4,33.683191
parallel_two_lattice_framework,collision,8,19.795046
parallel_two_lattice_framework,collision,16,9.822847
parallel_two_lattice_framework,collision,32,6.217644
parallel_two_lattice_framework,collision,64,5.179127
parallel_two_lattice_framework,collision,128,4.432052
parallel_two_lattice_framework,stream,2,65.221485
parallel_two_lattice_framework,stream,4,33.543306
parallel_two_lattice_framework,stream,8,18.441368
parallel_two_lattice_framework,stream,16,10.680956
parallel_two_lattice_framework,stream,32,6.303408
parallel_two_lattice_framework,stream,64,5.230670
parallel_two_lattice_framework,stream,128,4.449372
parallel_two_lattice_framework,bundle,2,63.697842
parallel_two_lattice_framework,bundle,4,33.186388
parallel_two_lattice_framework,bundle,8,17.815797
parallel_two_lattice_framework,bundle,16,9.806516
parallel_two_lattice_framework,bundle,32,6.199452
parallel_two_lattice_framework,bundle,64,5.149010
parallel_two_lattice_framework,bundle,128,4.478381
parallel_two_step,collision,2,62.931877
parallel_two_step,collision,4,32.803168
parallel_two_step,collision,8,17.257533
parallel_two_step,collision,16,10.254723
parallel_two_step,collision,32,6.111747
parallel_two_step,collision,64,5.222229
parallel_two_step,collision,128,4.516443
parallel_two_step,stream,2,62.404703
parallel_two_step,stream,4,32.577376
parallel_two_step,stream,8,17.382645
parallel_two_step,stream,16,9.745696
parallel_two_step,stream,32,6.069232
parallel_two_step,stream,64,5.288494
parallel_two_step,stream,128,4.567606
parallel_two_step,bundle,2,63.434439
parallel_two_step,bundle,4,32.149735
parallel_two_step,bundle,8,17.381793
parallel_two_step,bundle,16,9.786870
parallel_two_step,bundle,32,6.120646
parallel_two_step,bundle,64,5.284213
parallel_two_step,bundle,128,4.530125
parallel_swap,collision,2,64.484354
parallel_swap,collision,4,33.876052
parallel_swap,collision,8,18.077324
parallel_swap,collision,16,10.917213
parallel_swap,collision,32,6.586879
parallel_swap,collision,64,5.534570
parallel_swap,collision,128,4.816235
parallel_swap,stream,2,65.268627
parallel_swap,stream,4,33.772574
parallel_swap,stream,8,18.134027
parallel_swap,stream,16,10.419821
parallel_swap,stream,32,6.564293
parallel_swap,stream,64,5.567129
parallel_swap,stream,128,4.818468
parallel_swap,bundle,2,65.439620
parallel_swap,bundle,4,34.173944
parallel_swap,bundle,8,18.417660
parallel_swap,bundle,16,10.261276
parallel_swap,bundle,32,6.792057
parallel_swap,bundle,64,5.521752
parallel_swap,bundle,128,4.805098
parallel_shift,collision,2,63.422187
parallel_shift,collision,4,32.164016
parallel_shift,collision,8,17.118475
parallel_shift,collision,16,9.495822
parallel_shift,collision,32,5.707943
parallel_shift,collision,64,4.808733
parallel_shift,collision,128,3.979968
parallel_shift,stream,2,64.092863
parallel_shift,stream,4,32.190348
parallel_shift,stream,8,18.002274
parallel_shift,stream,16,9.546680
parallel_shift,stream,32,5.925346
parallel_shift,stream,64,4.802260
parallel_shift,stream,128,4.079109
parallel_shift,bundle,2,62.539604
parallel_shift,bundle,4,32.257783
parallel_shift,bundle,8,17.440817
parallel_shift,bundle,16,9.612148
parallel_shift,bundle,32,5.886491
parallel_shift,bundle,64,5.279217
parallel_shift,bundle,128,3.954363
parallel_two_lattice,collision,2,63.949083
parallel_two_lattice,collision,4,32.804743
parallel_two_lattice,collision,8,17.624779
parallel_two_lattice,collision,16,9.790173
parallel_two_lattice,collision,32,6.085480
parallel_two_lattice,collision,64,4.757844
parallel_two_lattice,collision,128,3.623673
parallel_two_lattice,stream,2,64.472804
parallel_two_lattice,stream,4,33.115843
parallel_two_lattice,stream,8,17.702776
parallel_two_lattice,stream,16,9.867679
parallel_two_lattice,stream,32,6.223382
parallel_two_lattice,stream,64,4.821428
parallel_two_lattice,stream,128,3.653160
parallel_two_lattice,bundle,2,64.980242
parallel_two_lattice,bundle,4,32.657733
parallel_two_lattice,bundle,8,17.520275
parallel_two_lattice,bundle,16,10.016804
parallel_two_lattice,bundle,32,6.033594
parallel_two_lattice,bundle,64,4.765507
parallel_two_lattice,bundle,128,3.590045
parallel_two_lattice_framework,collision,2,64.540376
parallel_two_lattice_framework,collision,4,33.652069
parallel_two_lattice_framework,collision,8,17.562259
parallel_two_lattice_framework,collision,16,9.757995
parallel_two_lattice_framework,collision,32,6.259849
parallel_two_lattice_framework,collision,64,5.167611
parallel_two_lattice_framework,collision,128,4.511894
parallel_two_lattice_framework,stream,2,64.233443
parallel_two_lattice_framework,stream,4,33.634397
parallel_two_lattice_framework,stream,8,18.974089
parallel_two_lattice_framework,stream,16,10.744598
parallel_two_lattice_framework,stream,32,7.242761
parallel_two_lattice_framework,stream,64,5.204402
parallel_two_lattice_framework,stream,128,4.438796
parallel_two_lattice_framework,bundle,2,65.422428
parallel_two_lattice_framework,bundle,4,33.120039
parallel_two_lattice_framework,bundle,8,18.958835
parallel_two_lattice_framework,bundle,16,10.414464
parallel_two_lattice_framework,bundle,32,7.164645
parallel_two_lattice_framework,bundle,64,5.175786
parallel_two_lattice_framework,bundle,128,4.419490
parallel_two_step,collision,2,62.547339
parallel_two_step,collision,4,32.064040
parallel_two_step,collision,8,17.372056
parallel_two_step,collision,16,10.346601
parallel_two_step,collision,32,6.061478
parallel_two_step,collision,64,5.195006
parallel_two_step,collision,128,4.489497
parallel_two_step,stream,2,62.622665
parallel_two_step,stream,4,32.752842
parallel_two_step,stream,8,18.707540
parallel_two_step,stream,16,10.355862
parallel_two_step,stream,32,6.188543
parallel_two_step,stream,64,5.285020
parallel_two_step,stream,128,4.617404
parallel_two_step,bundle,2,62.840632
parallel_two_step,bundle,4,32.837532
parallel_two_step,bundle,8,17.614580
parallel_two_step,bundle,16,9.785534
parallel_two_step,bundle,32,6.167011
parallel_two_step,bundle,64,5.236059
parallel_two_step,bundle,128,4.551007
parallel_swap,collision,2,65.786626
parallel_swap,collision,4,34.120595
parallel_swap,collision,8,18.371419
parallel_swap,collision,16,10.324278
parallel_swap,collision,32,6.779174
parallel_swap,collision,64,5.479611
parallel_swap,collision,128,4.810339
parallel_swap,stream,2,64.813478
parallel_swap,stream,4,33.978037
parallel_swap,stream,8,18.446098
parallel_swap,stream,16,10.269803
parallel_swap,stream,32,6.642349
parallel_swap,stream,64,5.563931
parallel_swap,stream,128,4.879406
parallel_swap,bundle,2,66.034252
parallel_swap,bundle,4,34.233430
parallel_swap,bundle,8,19.645714
parallel_swap,bundle,16,10.342237
parallel_swap,bundle,32,6.655506
parallel_swap,bundle,64,5.544977
parallel_swap,bundle,128,4.881925
parallel_shift,collision,2,62.566744
parallel_shift,collision,4,31.981180
parallel_shift,collision,8,18.378007
parallel_shift,collision,16,9.324375
parallel_shift,collision,32,5.864380
parallel_shift,collision,64,5.352041
parallel_shift,collision,128,4.023771
parallel_shift,stream,2,63.128162
parallel_shift,stream,4,32.398331
parallel_shift,stream,8,18.285125
parallel_shift,stream,16,9.520977
parallel_shift,stream,32,5.864034
parallel_shift,stream,64,5.271047
parallel_shift,stream,128,4.020679
parallel_shift,bundle,2,62.677146
parallel_shift,bundle,4,32.650177
parallel_shift,bundle,8,18.376986
parallel_shift,bundle,16,10.088181
parallel_shift,bundle,32,6.167576
parallel_shift,bundle,64,4.818159
parallel_shift,bundle,128,4.068551
parallel_two_lattice,collision,2,64.334203
parallel_two_lattice,collision,4,33.350435
parallel_two_lattice,collision,8,17.842138
parallel_two_lattice,collision,16,9.716698
parallel_two_lattice,collision,32,6.124401
parallel_two_lattice,collision,64,4.789267
parallel_two_lattice,collision,128,3.655181
parallel_two_lattice,stream,2,65.562800
parallel_two_lattice,stream,4,33.243640
parallel_two_lattice,stream,8,17.479414
parallel_two_lattice,stream,16,9.758548
parallel_two_lattice,stream,32,6.050973
parallel_two_lattice,stream,64,4.776623
parallel_two_lattice,stream,128,3.635235
parallel_two_lattice,bundle,2,64.620047
parallel_two_lattice,bundle,4,33.131118
parallel_two_lattice,bundle,8,17.803189
parallel_two_lattice,bundle,16,10.144708
parallel_two_lattice,bundle,32,6.168179
parallel_two_lattice,bundle,64,4.785697
parallel_two_lattice,bundle,128,3.618806
parallel_two_lattice_framework,collision,2,64.480294
parallel_two_lattice_framework,collision,4,32.961459
parallel_two_lattice_framework,collision,8,17.600475
parallel_two_lattice_framework,collision,16,9.892129
parallel_two_lattice_framework,collision,32,7.281092
parallel_two_lattice_framework,collision,64,5.157841
parallel_two_lattice_framework,collision,128,4.453258
parallel_two_lattice_framework,stream,2,63.979486
parallel_two_lattice_framework,stream,4,33.645484
parallel_two_lattice_framework,stream,8,19.149048
parallel_two_lattice_framework,stream,16,10.478296
parallel_two_lattice_framework,stream,32,7.253699
parallel_two_lattice_framework,stream,64,5.203897
parallel_two_lattice_framework,stream,128,4.436865
parallel_two_lattice_framework,bundle,2,63.623908
parallel_two_lattice_framework,bundle,4,33.277685
parallel_two_lattice_framework,bundle,8,17.742581
parallel_two_lattice_framework,bundle,16,9.869728
parallel_two_lattice_framework,bundle,32,7.229894
parallel_two_lattice_framework,bundle,64,5.155499
parallel_two_lattice_framework,bundle,128,4.441140
parallel_two_step,collision,2,62.813676
parallel_two_step,collision,4,32.100786
parallel_two_step,collision,8,17.154843
parallel_two_step,collision,16,9.741597
parallel_two_step,collision,32,6.121548
parallel_two_step,collision,64,5.279703
parallel_two_step,collision,128,4.543720
parallel_two_step,stream,2,62.841256
parallel_two_step,stream,4,32.621140
parallel_two_step,stream,8,17.575189
parallel_two_step,stream,16,10.432387
parallel_two_step,stream,32,6.172124
parallel_two_step,stream,64,5.211616
parallel_two_step,stream,128,4.587407
parallel_two_step,bundle,2,63.912717
parallel_two_step,bundle,4,32.555724
parallel_two_step,bundle,8,17.205418
parallel_two_step,bundle,16,9.728212
parallel_two_step,bundle,32,7.154980
parallel_two_step,bundle,64,5.223989
parallel_two_step,bundle,128,4.522023
parallel_swap,collision,2,65.739455
parallel_swap,collision,4,33.998277
parallel_swap,collision,8,18.214218
parallel_swap,collision,16,10.202635
parallel_swap,collision,32,6.561024
parallel_swap,collision,64,5.519712
parallel_swap,collision,128,4.815688
parallel_swap,stream,2,66.225753
parallel_swap,stream,4,34.309923
parallel_swap,stream,8,18.513462
parallel_swap,stream,16,10.718399
parallel_swap,stream,32,6.609067
parallel_swap,stream,64,5.562141
parallel_swap,stream,128,4.866733
parallel_swap,bundle,2,64.780358
parallel_swap,bundle,4,33.570448
parallel_swap,bundle,8,18.441328
parallel_swap,bundle,16,10.314423
parallel_swap,bundle,32,6.773561
parallel_swap,bundle,64,5.517924
parallel_swap,bundle,128,4.855291
parallel_shift,collision,2,62.835940
parallel_shift,collision,4,31.737186
parallel_shift,collision,8,17.120163
parallel_shift,collision,16,9.980650
parallel_shift,collision,32,5.862093
parallel_shift,collision,64,5.351937
parallel_shift,collision,128,3.986991
parallel_shift,stream,2,63.101545
parallel_shift,stream,4,32.536562
parallel_shift,stream,8,17.260747
parallel_shift,stream,16,9.643811
parallel_shift,stream,32,5.864101
parallel_shift,stream,64,4.837411
parallel_shift,stream,128,3.969268
parallel_shift,bundle,2,64.345612
parallel_shift,bundle,4,32.471998
parallel_shift,bundle,8,17.455403
parallel_shift,bundle,16,10.117007
parallel_shift,bundle,32,5.845638
parallel_shift,bundle,64,5.313216
parallel_shift,bundle,128,4.010171
parallel_two_lattice,collision,2,64.411879
parallel_two_lattice,collision,4,33.000256
parallel_two_lattice,collision,8,17.399351
parallel_two_lattice,collision,16,10.200996
parallel_two_lattice,collision,32,5.949798
parallel_two_lattice,collision,64,4.830328
parallel_two_lattice,collision,128,3.630312
parallel_two_lattice,stream,2,64.306731
parallel_two_lattice,stream,4,33.594821
parallel_two_lattice,stream,8,17.686493
parallel_two_lattice,stream,16,10.253257
parallel_two_lattice,stream,32,6.143333
parallel_two_lattice,stream,64,4.717417
parallel_two_lattice,stream,128,3.616703
parallel_two_lattice,bundle,2,65.151602
parallel_two_lattice,bundle,4,32.783223
parallel_two_lattice,bundle,8,17.915173
parallel_two_lattice,bundle,16,9.670725
parallel_two_lattice,bundle,32,6.060427
parallel_two_lattice,bundle,64,4.768871
parallel_two_lattice,bundle,128,3.634917
parallel_two_lattice_framework,collision,2,63.884090
parallel_two_lattice_framework,collision,4,32.761385
parallel_two_lattice_framework,collision,8,17.665161
parallel_two_lattice_framework,collision,16,9.895674
parallel_two_lattice_framework,collision,32,7.299124
parallel_two_lattice_framework,collision,64,5.219661
parallel_two_lattice_framework,collision,128,4.379431
parallel_two_lattice_framework,stream,2,65.061070
parallel_two_lattice_framework,stream,4,33.669935
parallel_two_lattice_framework,stream,8,17.941320
parallel_two_lattice_framework,stream,16,10.018649
parallel_two_lattice_framework,stream,32,7.241690
parallel_two_lattice_framework,stream,64,5.183428
parallel_two_lattice_framework,stream,128,4.478219
parallel_two_lattice_framework,bundle,2,64.782417
parallel_two_lattice_framework,bundle,4,33.347673
parallel_two_lattice_framework,bundle,8,17.640948
parallel_two_lattice_framework,bundle,16,9.805099
parallel_two_lattice_framework,bundle,32,6.230598
parallel_two_lattice_framework,bundle,64,5.089382
parallel_two_lattice_framework,bundle,128,4.447546
parallel_two_step,collision,2,63.366277
parallel_two_step,collision,4,32.585303
parallel_two_step,collision,8,17.512903
parallel_two_step,collision,16,9.567800
parallel_two_step,collision,32,6.128649
parallel_two_step,collision,64,5.218464
parallel_two_step,collision,128,4.512543
parallel_two_step,stream,2,63.372848
parallel_two_step,stream,4,32.825630
parallel_two_step,stream,8,17.537604
parallel_two_step,stream,16,9.730440
parallel_two_step,stream,32,6.182856
parallel_two_step,stream,64,5.298763
parallel_two_step,stream,128,4.591098
parallel_two_step,bundle,2,63.923389
parallel_two_step,bundle,4,32.736793
parallel_two_step,bundle,8,18.526866
parallel_two_step,bundle,16,9.611232
parallel_two_step,bundle,32,6.098987
parallel_two_step,bundle,64,5.288747
parallel_two_step,bundle,128,4.507278
parallel_swap,collision,2,65.103527
parallel_swap,collision,4,34.349589
parallel_swap,collision,8,19.572632
parallel_swap,collision,16,10.238156
parallel_swap,collision,32,6.700958
parallel_swap,collision,64,5.536468
parallel_swap,collision,128,4.849456
parallel_swap,stream,2,66.131137
parallel_swap,stream,4,34.315736
parallel_swap,stream,8,18.235880
parallel_swap,stream,16,10.400750
parallel_swap,stream,32,6.664820
parallel_swap,stream,64,5.640065
parallel_swap,stream,128,4.849402
parallel_swap,bundle,2,64.869922
parallel_swap,bundle,4,33.835098
parallel_swap,bundle,8,19.506265
parallel_swap,bundle,16,10.186446
parallel_swap,bundle,32,6.663544
parallel_swap,bundle,64,5.526704
parallel_swap,bundle,128,4.829496
parallel_shift,collision,2,63.386307
parallel_shift,collision,4,32.052116
parallel_shift,collision,8,17.341580
parallel_shift,collision,16,9.428853
parallel_shift,collision,32,5.891259
parallel_shift,collision,64,5.314860
parallel_shift,collision,128,4.014996
parallel_shift,stream,2,63.232439
parallel_shift,stream,4,32.693680
parallel_shift,stream,8,17.182214
parallel_shift,stream,16,9.536510
parallel_shift,stream,32,5.963966
parallel_shift,stream,64,5.272634
parallel_shift,stream,128,3.969560
parallel_shift,bundle,2,62.734196
parallel_shift,bundle,4,32.201114
parallel_shift,bundle,8,17.237984
parallel_shift,bundle,16,9.590804
parallel_shift,bundle,32,5.941044
parallel_shift,bundle,64,4.851786
parallel_shift,bundle,128,4.009086
